filename,Mouth,Nasal,Skin,Stool
ID_ABHFUP,1.1619926e-06,0.9999976,1.0142999e-06,1.7030274e-07
ID_ADBLNY,6.955801e-07,0.9999987,4.724163e-07,1.0773165e-07
ID_AFAEMB,0.9999026,1.7014372e-05,7.8291574e-05,2.1199712e-06
ID_AFBBWK,0.9999958,1.1774583e-06,2.9300968e-06,9.893794e-08
ID_AGHEZK,0.9997749,1.9590914e-05,0.00020407642,1.5068458e-06
ID_AGKIYB,3.0981633e-07,2.803849e-07,0.9999994,1.5130514e-08
ID_AIQHUX,1.8944405e-07,1.8909884e-06,2.2832994e-07,0.99999774
ID_AIVFAZ,8.5313786e-07,1.7731481e-05,9.936007e-07,0.99998045
ID_AJCBOB,1.40064485e-05,0.00041316464,1.30905155e-05,0.9995597
ID_AJGVTS,0.9991493,9.534621e-05,0.0007513699,3.974767e-06
ID_AJKHOU,6.2304576e-07,0.9999989,4.231532e-07,7.866139e-08
ID_AKDVQI,7.25481e-06,0.9999888,2.5013321e-06,1.4220391e-06
ID_AKIAKB,1.0823159e-05,0.00011068602,9.852437e-06,0.99986863
ID_AKWSZD,6.39129e-08,1.2306711e-07,6.8110495e-08,0.99999976
ID_ALGOGQ,5.1884417e-05,8.029421e-05,0.99986196,5.881325e-06
ID_ALHTER,3.3820002e-06,0.0001950779,2.9964403e-06,0.9997986
ID_AMSOXU,0.4455749,0.0070999833,0.5471892,0.00013593526
ID_AMUYDZ,7.039818e-07,0.9999982,6.6389845e-07,4.1205766e-07
ID_ANSGID,0.0062470622,3.65674e-05,0.9937151,1.2895019e-06
ID_AOQGWN,2.9052362e-05,3.5336664e-06,0.999967,4.7003618e-07
ID_AQDZLZ,2.7718766e-06,0.9999944,2.135731e-06,7.2468606e-07
ID_ARCTEP,8.5630927e-07,0.99999833,3.603064e-07,5.012186e-07
ID_ARGCHE,1.4263195e-06,0.99999785,3.9577102e-07,3.4733486e-07
ID_ASNCNV,1.38431515e-05,1.9650697e-06,0.99998415,9.706741e-08
ID_ATFRKF,0.0006547084,0.99789524,0.0005362703,0.00091378385
ID_AUPWYI,9.0527195e-08,5.4211657e-08,1.7323674e-07,0.99999964
ID_AUUTWM,3.393353e-05,2.5617255e-05,0.9999392,1.2654007e-06
ID_AVMUKC,0.0008419856,5.2614967e-05,0.99910444,8.764517e-07
ID_AVZMAJ,7.846609e-07,0.99999785,8.465182e-07,5.012184e-07
ID_AWDNCQ,6.955801e-07,0.9999987,4.724163e-07,1.0773165e-07
ID_AWHBEB,1.8502543e-07,5.4723987e-06,2.5745675e-07,0.99999404
ID_AWINYS,6.147299e-08,2.0281009e-07,4.963917e-08,0.99999964
ID_AWUOPA,4.189205e-07,0.99999845,6.8961555e-07,4.181996e-07
ID_AYOAPD,0.9989604,4.276183e-05,0.0009946213,2.2124277e-06
ID_AYRSVB,0.9999324,1.054506e-05,5.6111232e-05,8.860666e-07
ID_AYUWST,4.707765e-07,3.1558706e-05,8.0741586e-07,0.9999672
ID_BAFNRW,8.9997e-06,0.024796698,3.454247e-05,0.97515976
ID_BBHQDM,1.0269713e-06,8.0772116e-07,0.9999981,5.1746902e-08
ID_BBHZGN,0.999121,0.00016616266,0.00070604484,6.755025e-06
ID_BBZYDO,3.4273795e-05,1.8474026e-05,0.99994695,3.0773708e-07
ID_BCGAMY,0.0893679,0.0013967479,0.909176,5.9328217e-05
ID_BEHPUD,1.0435369e-07,1.2811924e-07,1.0412961e-07,0.99999964
ID_BFALNR,0.9997981,5.668059e-05,0.00013816885,7.062336e-06
ID_BFHWMT,0.99983656,2.7014836e-05,0.00013373818,2.6185712e-06
ID_BGAGEX,3.4072917e-05,4.875884e-06,0.99996054,5.514017e-07
ID_BGAQPG,0.0026322631,0.00021793827,0.99714166,8.073246e-06
ID_BGUKXP,5.162087e-07,0.99999845,9.997817e-07,6.642219e-08
ID_BGXBIY,1.7470628e-06,3.351969e-05,1.4585679e-06,0.9999633
ID_BGXNSA,1.2934014e-06,3.4553718e-06,1.9001629e-05,0.9999763
ID_BIVMAZ,0.99997497,2.8585662e-06,2.1893458e-05,2.475666e-07
ID_BIZXXH,1.3391748e-06,0.99999774,6.3979337e-07,3.2611354e-07
ID_BLOYRU,3.222219e-05,5.592845e-06,0.9999621,1.1631381e-07
ID_BMLXGW,8.6067155e-07,2.4310748e-06,0.99999654,1.200864e-07
ID_BMMBCB,2.2991875e-05,4.529217e-06,0.9999721,3.4645652e-07
ID_BMOTBZ,0.99997723,2.5907989e-06,1.9967829e-05,1.9450606e-07
ID_BMTDZO,7.644493e-07,0.9999982,6.672855e-07,3.9978622e-07
ID_BNMXEV,3.4706425e-06,1.1988823e-06,0.99999523,1.0163381e-07
ID_BNPBKM,9.868672e-08,1.5665046e-07,0.99999976,8.453379e-09
ID_BNZPZI,5.6334414e-07,0.9999987,3.8260575e-07,3.2973904e-07
ID_BPZJQD,3.7044032e-07,5.648931e-06,3.6640296e-07,0.99999356
ID_BQALZS,0.9493142,0.002245226,0.04833532,0.00010529285
ID_BRQVGL,0.00060124655,1.9677307e-05,0.9993773,1.7408216e-06
ID_BRXQMI,5.499009e-05,1.8473644e-05,0.9999262,3.077307e-07
ID_BSCLTL,0.99996066,5.570055e-06,3.322657e-05,5.505127e-07
ID_BSFZJR,6.549513e-05,0.9998919,3.364129e-05,9.02418e-06
ID_BSKTJR,1.2279008e-06,0.9987117,7.369404e-07,0.0012863145
ID_BSUSJN,0.91640484,0.002228981,0.08131933,4.6766647e-05
ID_BTVXGK,1.770527e-08,5.491204e-08,3.1256263e-08,0.9999999
ID_BTYEBT,1.7716226e-06,7.683544e-06,3.4428078e-06,0.9999871
ID_BUHWGN,0.99244237,2.5696456e-05,0.0075285975,3.400679e-06
ID_BUTTHJ,1.9281188e-05,1.1969883e-05,0.9999683,4.8930195e-07
ID_BWNYHM,1.2934221e-06,3.6976517e-06,2.7353324e-06,0.99999225
ID_BWUYYP,0.9998839,1.5536109e-05,9.9625155e-05,8.993192e-07
ID_BWVHUF,0.9999194,2.6199634e-05,5.1031737e-05,3.364618e-06
ID_BXBUWW,4.343294e-05,1.3461701e-05,0.9999429,2.5070239e-07
ID_BXGPNO,0.99759054,0.00016184941,0.0022396082,8.015165e-06
ID_BXLGGU,0.0012380761,0.00045648636,0.99827826,2.7155675e-05
ID_BYAFED,0.9800269,0.0011147512,0.01881821,4.0091774e-05
ID_BYCFRG,4.0939435e-06,3.455385e-06,1.2385462e-05,0.9999801
ID_BYTEUW,4.4336335e-05,0.9997315,5.9687576e-05,0.00016451156
ID_BYYXZS,3.3917888e-05,1.1935618e-05,0.999954,1.9882141e-07
ID_BZILSP,5.633439e-07,0.99999833,8.1225573e-07,3.2973892e-07
ID_BZSGLQ,0.9999089,3.5972796e-05,5.3595322e-05,1.4624064e-06
ID_BZUXXM,4.712552e-07,5.306361e-06,6.3231454e-07,0.99999356
ID_BZYPZI,1.293403e-06,2.2533375e-06,1.9001653e-05,0.99997747
ID_CAFLUD,0.99971765,2.2335493e-05,0.00025785994,2.1177163e-06
ID_CAMNHK,1.1619919e-06,0.999997,1.0142992e-06,7.725777e-07
ID_CCCVPZ,5.633438e-07,0.9999981,1.233506e-06,1.4296393e-07
ID_CCNTTA,3.0857439e-06,3.236283e-05,9.353816e-06,0.9999552
ID_CDWNJE,0.0016773889,0.00035648933,0.99795866,7.4138748e-06
ID_CEPPVK,0.9998759,3.961106e-05,8.348469e-05,9.866674e-07
ID_CFQAKO,3.8192704e-07,7.4417107e-06,8.7904436e-07,0.9999913
ID_CFTZNA,1.9700518e-07,2.4713815e-06,1.7984597e-07,0.99999714
ID_CFUAPP,1.9417755e-06,7.920279e-06,1.4292666e-06,0.9999887
ID_CGQXZL,5.162086e-07,0.99999833,8.1225573e-07,2.9461359e-07
ID_CHLDYV,3.3523054e-07,0.999998,1.5853552e-06,6.74122e-08
ID_CHLUGJ,8.177974e-05,1.9998946e-05,0.99989784,4.159164e-07
ID_CHVVYY,6.750218e-07,4.3121026e-06,7.434479e-07,0.9999943
ID_CIGUQR,0.99841833,0.000119084216,0.0014549104,7.715145e-06
ID_CIQIKP,2.799563e-07,6.595503e-06,3.475511e-07,0.9999927
ID_CIVPPF,7.0048696e-07,0.99999774,1.1022183e-06,4.4745053e-07
ID_CIZFBU,2.6518245e-07,1.9653748e-06,3.42681e-07,0.9999974
ID_CJIVXL,1.3589943e-07,6.5419306e-07,0.99999917,4.161857e-08
ID_CKYLDD,3.3227772e-07,2.6404962e-06,1.4707966e-07,0.9999969
ID_CKZWMZ,0.99990654,2.674665e-05,6.473267e-05,1.9770487e-06
ID_CMCJKR,4.6312107e-07,2.7061303e-06,3.7396754e-07,0.9999964
ID_CMJWBS,0.101727895,0.00026076185,0.8980059,5.4230427e-06
ID_CMXVYQ,0.9932153,0.00011582155,0.006664676,4.2256934e-06
ID_CMYHXL,1.7985818e-05,6.5519175e-06,0.9999753,1.3625956e-07
ID_CNJEMU,1.1530664e-06,0.9999908,1.2181061e-06,6.789976e-06
ID_CNVJTD,2.7552035e-06,0.00010739139,2.5152244e-06,0.99988735
ID_CNYSMN,1.3217209e-07,3.5247724e-06,2.847334e-07,0.99999607
ID_COAYXA,7.8465956e-07,0.99999607,2.6035118e-06,5.0121747e-07
ID_CPQIGO,6.270396e-06,2.6668429e-06,0.99999094,1.3173249e-07
ID_CPWFIE,3.1601834e-07,6.391955e-06,9.0688374e-08,0.9999932
ID_CQPBJZ,0.99995923,8.2097695e-06,3.2127286e-05,3.9975004e-07
ID_CRIKEW,2.8311363e-06,0.00012875743,2.5743639e-06,0.9998658
ID_CRRLME,5.322162e-08,6.6410865e-07,1.0874577e-07,0.99999917
ID_CRUQTU,0.0012887026,0.00013802468,0.99856734,5.862735e-06
ID_CTBHHY,0.0015368946,0.00017027267,0.9982893,3.541143e-06
ID_CTHPWQ,1.8512902e-07,5.4968464e-06,2.7343918e-07,0.99999404
ID_CURUPB,8.563089e-07,0.99999785,8.3883384e-07,5.086892e-07
ID_CURZNU,0.99998915,2.240432e-06,8.366228e-06,1.8825628e-07
ID_CVBFDK,1.0802494e-06,2.4971969e-05,1.8076078e-06,0.9999721
ID_CWNXOC,5.7748997e-07,4.0328025e-05,4.9850826e-07,0.99995863
ID_CXKMII,7.4902607e-07,4.7914313e-05,1.818831e-06,0.9999496
ID_CXKXTY,0.9999759,5.373026e-06,1.823914e-05,5.208115e-07
ID_CXYITK,7.417271e-06,5.1060088e-06,0.9999871,3.4541853e-07
ID_CYIBFB,0.00011661489,2.734177e-05,0.9998554,5.68624e-07
ID_CYRXBM,2.0548687e-06,0.99999726,2.788446e-07,3.4919722e-07
ID_CZJPWJ,7.517659e-07,3.044523e-05,2.414675e-06,0.9999664
ID_CZUTBP,0.0016769004,3.5694946e-05,0.99828666,7.2622174e-07
ID_DAKOMQ,0.9878868,0.00018099074,0.011921787,1.0476774e-05
ID_DBPGZB,7.432468e-05,5.492604e-06,0.99992,1.1291661e-07
ID_DCMDEF,6.2304565e-07,0.9999987,5.875706e-07,8.70717e-08
ID_DCSXUC,0.9997149,1.843938e-05,0.0002648593,1.8057234e-06
ID_DCYZXZ,6.273593e-06,3.0957272e-06,0.99999046,1.494801e-07
ID_DDCLES,0.00012097102,4.704649e-06,0.999874,2.538787e-07
ID_DDERSC,0.9999871,4.5083752e-06,8.170872e-06,2.3325626e-07
ID_DDGNIM,0.99639076,8.4019804e-05,0.0035193488,5.8515293e-06
ID_DEACVT,6.1053784e-06,5.4790846e-05,4.3958034e-06,0.9999347
ID_DEFZNC,0.0007135004,5.3146323e-05,0.99923253,8.8530203e-07
ID_DEHZSK,0.98919827,0.000161356,0.010626448,1.3974262e-05
ID_DESNNL,0.000108122484,6.788851e-05,0.99982184,2.1197557e-06
ID_DFXCET,2.7595952e-05,7.498907e-06,0.9999641,7.8032866e-07
ID_DGIHFW,1.021558e-06,0.9999982,3.5604245e-07,3.8620445e-07
ID_DGMYWY,5.410105e-05,2.5089396e-06,0.99994326,1.3539069e-07
ID_DHEWQO,2.8014165e-06,0.007692928,2.3140567e-06,0.99230194
ID_DHGWGW,3.3370227e-06,4.0572986e-06,0.9999925,8.4379224e-08
ID_DHZVMF,5.162083e-07,0.99999774,1.7127866e-06,7.1123814e-08
ID_DIHNQA,3.455197e-05,5.8066894e-06,0.99995947,2.2448064e-07
ID_DJFCZY,5.013819e-07,6.5579484e-06,8.637413e-07,0.99999213
ID_DKLXBK,1.560313e-05,3.104616e-05,0.9999522,1.1616928e-06
ID_DLHWNC,9.725255e-07,2.0462687e-05,4.4120523e-07,0.99997807
ID_DLQHZF,3.271855e-06,5.612943e-05,2.470133e-06,0.99993813
ID_DMOSUZ,1.37943725e-05,1.4656548e-06,0.99998474,4.7310333e-08
ID_DPIERJ,0.99976295,1.0650374e-05,0.00022546467,8.949167e-07
ID_DPYKSG,0.0022648817,0.00013487018,0.9975974,2.8048808e-06
ID_DQGGYD,5.1620884e-07,0.9999988,5.3126854e-07,1.4296403e-07
ID_DQRJKX,4.4939722e-07,1.8207316e-05,7.4707384e-07,0.99998057
ID_DQSPHV,4.3826083e-05,0.001175967,4.5173565e-05,0.998735
ID_DQYBXD,0.9639768,0.0002496379,0.03575916,1.4450476e-05
ID_DRBNSZ,0.0012279662,0.00052264164,0.99822,2.9332503e-05
ID_DRCHAK,3.0726082e-07,1.985343e-05,4.312402e-07,0.9999794
ID_DSBIZA,1.028351e-06,4.0764726e-06,8.681314e-07,0.99999404
ID_DSPHUD,3.360948e-07,0.9999989,6.67286e-07,9.0133966e-08
ID_DTOEMP,3.0112215e-05,7.605512e-06,0.99996185,3.7568472e-07
ID_DUQOMR,7.644494e-07,0.99999833,6.672856e-07,2.2036559e-07
ID_DVNEFD,1.1353841e-05,4.8086235e-06,0.9999832,6.3126623e-07
ID_DVPYOJ,8.563089e-07,0.99999785,8.0755234e-07,4.4782627e-07
ID_DYXRFB,0.00015633863,3.136676e-05,0.9998118,5.22502e-07
ID_DYYGRW,5.8711386e-05,1.416397e-05,0.9999267,4.612231e-07
ID_DZAKRS,1.0647674e-06,0.99999714,1.1487064e-06,6.8014157e-07
ID_DZCDNY,0.9997477,1.594848e-05,0.0002353651,1.0085018e-06
ID_DZKIUK,6.2304554e-07,0.99999857,4.2315307e-07,3.9049698e-07
ID_DZTHPW,0.9996959,6.983022e-05,0.00022696395,7.3288056e-06
ID_DZYFXF,1.6944635e-06,0.9999969,9.616581e-07,4.7031392e-07
ID_EANLQD,7.538399e-05,1.9039911e-05,0.99990416,1.3946185e-06
ID_EAPIEV,1.1079567e-06,2.8176798e-06,1.240713e-06,0.9999949
ID_EAPNYZ,0.00021852918,2.2485845e-05,0.99975854,4.676358e-07
ID_EAWZFF,1.7237451e-05,5.739187e-06,0.99997663,4.1310363e-07
ID_EBAFVX,0.99914837,0.00013703365,0.0007089473,5.6118993e-06
ID_EBELWC,4.465554e-06,0.99999356,1.4572299e-06,4.5796787e-07
ID_EBRDMD,4.0018112e-05,6.986638e-06,0.9999527,3.4511487e-07
ID_EBWXAG,3.2881857e-07,2.0021562e-06,0.9999976,8.1843645e-08
ID_ECKILA,2.4581132e-07,4.430234e-06,3.6306807e-07,0.999995
ID_ECPNHL,0.99869174,7.617909e-05,0.0012271056,4.9354376e-06
ID_EDUVCV,0.00014959322,3.136697e-05,0.9998185,5.2250545e-07
ID_EDWVNO,1.763848e-05,5.8208043e-06,0.9999764,1.2105467e-07
ID_EFHUUR,0.9995448,3.312071e-05,0.0004199975,1.9979827e-06
ID_EFKZYN,7.9735585e-08,5.8589063e-07,7.981242e-08,0.9999993
ID_EFLZAC,1.613082e-06,5.385515e-06,0.9999926,3.7306134e-07
ID_EFRAIW,4.2931383e-06,1.8701679e-06,0.9999937,1.4964945e-07
ID_EGCJWN,1.5083839e-06,1.7025576e-06,0.9999968,3.463889e-08
ID_EGRLRM,5.633441e-07,0.99999857,5.312684e-07,3.2973898e-07
ID_EGSYYO,7.004861e-07,0.99999654,2.3242233e-06,4.4745002e-07
ID_EHBSHA,1.7342202e-07,9.853327e-07,2.4918504e-07,0.99999857
ID_EHJZYV,0.9966493,0.00036076145,0.0029520236,3.786257e-05
ID_EJEHKC,0.9999747,3.860674e-06,2.1027437e-05,3.2440002e-07
ID_EJROPO,0.9999442,7.2450975e-06,4.8099886e-05,4.3241684e-07
ID_EJRTGT,5.5599976e-06,2.0726638e-06,0.99999213,2.0065654e-07
ID_EJUYIB,2.702932e-07,0.9999988,5.796557e-07,3.3465392e-07
ID_EJXDZM,0.9982514,0.00041705597,0.0013186466,1.2862513e-05
ID_EKMJZC,1.195968e-06,0.9999906,5.655911e-06,2.6176936e-06
ID_EKTTWX,1.6901268e-07,4.264646e-06,2.6888978e-07,0.99999535
ID_ELCGSP,6.2304565e-07,0.9999987,5.700967e-07,7.8661365e-08
ID_ELMXSH,1.9740699e-05,6.2218846e-06,0.9999738,3.0042955e-07
ID_ELWLMP,7.918297e-06,0.000195316,6.7220053e-06,0.99979
ID_EMAJOW,0.0002542448,2.9087038e-05,0.999716,6.431056e-07
ID_ENGLHB,6.2636122e-06,0.020554291,2.3523112e-06,0.97943705
ID_ENHCCD,1.5121689e-06,0.99999666,9.896789e-07,8.8475474e-07
ID_ENOODO,0.9998035,2.0252564e-05,0.00017489673,1.3736078e-06
ID_EOMOBF,1.2037354e-07,1.8937733e-06,1.363033e-07,0.99999785
ID_ERGQHM,0.49009123,0.0011968048,0.50866437,4.7596342e-05
ID_ERUQTZ,0.002001995,1.9673305e-05,0.9979779,4.9131296e-07
ID_ESCLBF,3.6275725e-07,8.178765e-06,2.6977375e-07,0.9999912
ID_ESOHQM,0.00037040343,1.6140644e-05,0.9996131,4.0308973e-07
ID_EUHSAJ,5.955933e-06,0.9999919,1.6563779e-06,5.502145e-07
ID_EUMUND,0.008013617,0.00053624867,0.99142706,2.3055245e-05
ID_EUOCRC,0.9997743,2.0782258e-05,0.000202969,2.0144403e-06
ID_EVQEWK,0.99996257,7.788729e-06,2.904478e-05,6.544612e-07
ID_EWAEEB,1.3330666e-05,4.2121255e-06,0.99998224,2.4701373e-07
ID_EWBQCC,0.9983637,4.664208e-05,0.0015860462,3.6492613e-06
ID_EWLDSP,3.7943712e-06,0.00015389871,1.1167411e-05,0.9998311
ID_EWXVSN,3.730913e-05,0.0005666882,3.722902e-05,0.99935883
ID_EWYNGD,2.6460497e-05,2.4224848e-05,0.99994874,5.7700805e-07
ID_EWZCIA,1.4995244e-06,5.5585315e-05,3.3312374e-06,0.99993956
ID_EXBCAT,2.8543843e-07,4.881842e-06,1.3592128e-06,0.99999344
ID_EXIPCZ,3.9944203e-07,0.99999905,4.431412e-07,6.1079085e-08
ID_EYRGGZ,6.230457e-07,0.9999988,4.2315315e-07,1.6930703e-07
ID_EYVEPQ,6.8280707e-07,5.789015e-07,1.1317901e-06,0.9999976
ID_EZJDLE,2.1644151e-05,5.8908623e-05,5.3768304e-06,0.99991405
ID_EZTVQT,0.9999821,4.3586165e-06,1.3201959e-05,3.6624016e-07
ID_FAMGIP,3.9944197e-07,0.9999989,3.9487495e-07,2.3380309e-07
ID_FBVDCV,0.25824094,0.001423104,0.74029124,4.4720076e-05
ID_FDJQKW,9.813579e-06,0.00023012678,5.553865e-06,0.9997545
ID_FGBIVM,8.2391756e-07,0.9999981,7.191952e-07,3.3007234e-07
ID_FGIJSX,5.2704405e-07,0.9999949,8.676057e-07,3.788744e-06
ID_FHIWZA,4.1428436e-07,3.516335e-05,2.3578832e-06,0.9999621
ID_FHKIGB,0.99956995,1.9785e-05,0.00040898513,1.2311344e-06
ID_FJZWNX,1.096141e-06,0.0006422497,5.7683383e-06,0.99935085
ID_FKCFBO,4.5361637e-07,2.8499483e-07,0.9999993,1.40777106e-08
ID_FKSASE,1.7472814e-05,7.792936e-06,0.99997437,3.849428e-07
ID_FLPTMS,0.99982554,5.1112856e-05,0.00012158693,1.8283107e-06
ID_FNCBDC,7.140941e-07,1.298603e-05,4.5782372e-07,0.9999858
ID_FNIOOK,0.99240404,0.0005909802,0.006990996,1.39732865e-05
ID_FNMLKG,0.99998844,9.347991e-06,1.8072823e-06,4.005448e-07
ID_FOVLQW,1.3085575e-05,2.6438543e-06,0.99998415,1.7512755e-07
ID_FQEEFC,7.5682806e-06,3.953401e-05,5.082014e-06,0.9999478
ID_FQMGPK,6.116963e-07,0.9999989,4.651224e-07,5.151444e-08
ID_FRMCKJ,2.437484e-05,7.298121e-06,0.9999682,1.5177841e-07
ID_FRTXEK,0.9999367,8.897688e-06,5.386974e-05,5.6266816e-07
ID_FSTZWF,7.846606e-07,0.9999974,1.3218003e-06,5.0868897e-07
ID_FSVRAD,2.88002e-07,3.5564976e-06,4.7737905e-07,0.9999957
ID_FSYFIA,5.2704456e-07,0.9999958,8.676065e-07,2.7655537e-06
ID_FTAXBU,0.997897,3.391924e-05,0.0020664476,2.574814e-06
ID_FUMEPV,6.2892826e-07,0.9999987,4.2714845e-07,2.2240856e-07
ID_FVXHYB,0.99998033,2.5765796e-06,1.6904576e-05,1.5378059e-07
ID_FVYNDH,2.1509584e-07,2.8861798e-06,4.8706045e-07,0.9999964
ID_FWTBNG,6.971337e-05,1.1360909e-05,0.999918,9.619537e-07
ID_FXILGC,1.0673177e-06,0.99999857,2.1077831e-07,1.1041987e-07
ID_FYCAFU,6.2543285e-07,0.9999987,5.8982187e-07,5.325094e-08
ID_FYMQCV,0.9999776,5.2623573e-06,1.6720658e-05,4.421789e-07
ID_GAQOSA,6.402948e-07,6.381414e-06,4.3573212e-07,0.9999925
ID_GBCCNJ,0.00026734415,4.2539847e-05,0.999688,2.101314e-06
ID_GCQNBX,7.4330075e-07,0.9999908,1.2236015e-06,7.1867953e-06
ID_GDAVXE,0.00051519653,1.5954953e-05,0.9994678,1.0221598e-06
ID_GDNXCQ,0.9999943,2.6894604e-06,2.8453403e-06,1.9035251e-07
ID_GEIAET,9.761706e-07,3.5824044e-07,0.9999987,1.9331845e-08
ID_GGUPKG,0.9999875,1.4430211e-06,1.0945983e-05,9.787123e-08
ID_GITYQY,8.801717e-07,0.99999785,7.4204667e-07,4.81847e-07
ID_GIUONV,7.36849e-05,2.3904813e-05,0.99990094,1.5217148e-06
ID_GJDSLM,0.99978477,1.6232154e-05,0.00019869216,3.1174665e-07
ID_GKGCDS,2.544752e-06,3.4553946e-06,1.1182652e-05,0.99998283
ID_GKKZPM,7.8465945e-07,0.99999595,2.7291358e-06,5.012174e-07
ID_GLCXOZ,0.0005315535,4.0773895e-05,0.9994271,6.792049e-07
ID_GLDSLL,1.3620753e-07,2.4911049e-07,0.99999964,1.2305153e-08
ID_GLLBKQ,0.9996723,2.3728946e-05,0.00030164866,2.32372e-06
ID_GMAGLB,5.7356294e-05,2.6304791e-05,0.99991584,5.4705805e-07
ID_GMYKDR,0.9999958,1.6809322e-06,2.3995901e-06,1.14007264e-07
ID_GNHNVJ,0.9982085,6.235784e-05,0.0017229123,6.1630963e-06
ID_GOKJUH,0.9993123,0.0003428343,0.00032411388,2.0819181e-05
ID_GOLPVM,0.99925584,2.5042886e-05,0.0007173423,1.7209976e-06
ID_GPUNWD,5.6334414e-07,0.9999987,3.8260575e-07,3.2973904e-07
ID_GPZVGY,0.00053297577,4.2593823e-05,0.9994236,8.858201e-07
ID_GRTEMJ,4.4655535e-06,0.99999344,1.6823652e-06,4.5796781e-07
ID_GSFJFC,3.0507455e-05,0.014197571,3.577782e-05,0.9857362
ID_GSOESB,7.075462e-07,0.00015223489,1.6605446e-06,0.9998454
ID_GTODPC,7.285584e-06,4.098274e-06,0.9999883,2.7539147e-07
ID_GUEYOJ,1.08055204e-07,1.08031095e-07,5.774352e-07,0.99999917
ID_GUQQOZ,0.00017915314,9.989967e-06,0.99980944,1.4355724e-06
ID_GUYLSW,0.00033423217,1.608417e-05,0.9996489,7.9449956e-07
ID_GVPQXB,1.0451021e-07,4.5894723e-07,9.4706586e-08,0.9999993
ID_GVZZFW,4.212492e-06,2.7084004e-06,0.99999285,1.7940289e-07
ID_GWJDGL,4.4962135e-06,1.0172632e-05,0.99998474,5.451172e-07
ID_GXAHTP,0.74621403,0.0019497228,0.25164896,0.00018730927
ID_GXGVNB,5.114454e-07,1.0081576e-07,4.5601263e-07,0.9999989
ID_GXSXOM,1.612529e-06,0.00014718078,3.0514805e-06,0.9998481
ID_GZVBSJ,4.1055496e-06,0.9999949,5.2183265e-07,4.5796847e-07
ID_HAGLMG,0.999985,6.5115228e-06,8.002774e-06,5.471417e-07
ID_HCHMLH,5.27046e-07,0.99999845,8.676088e-07,1.410208e-07
ID_HCITXL,3.5453486e-05,0.99994147,1.9300962e-05,3.7805507e-06
ID_HDJRBM,9.543736e-07,0.9999968,2.0137338e-06,2.7294647e-07
ID_HECJPL,7.694393e-08,4.3961006e-07,3.805571e-07,0.99999905
ID_HEJUMM,5.6006405e-07,8.408391e-05,1.801747e-06,0.9999136
ID_HEYXJI,0.9998734,8.041617e-06,0.00011813924,3.448467e-07
ID_HFCFFD,0.99976665,3.556716e-05,0.00019572277,2.122082e-06
ID_HFFTBQ,1.426117e-07,1.3096948e-07,2.8253467e-07,0.9999994
ID_HGAKXN,1.1619911e-06,0.9999964,1.793653e-06,6.0768923e-07
ID_HGCFTR,2.7158405e-06,0.99999535,1.4572325e-06,4.579687e-07
ID_HGLFGL,4.77608e-07,8.039622e-06,7.4016e-07,0.9999907
ID_HGSQFS,4.9643e-07,7.0652377e-06,9.998682e-07,0.9999914
ID_HGWDFO,3.5994424e-05,1.2666334e-05,0.9999511,2.1099375e-07
ID_HHJOJF,5.889299e-05,1.6644497e-05,0.9999242,2.7726108e-07
ID_HHQNRS,0.0001235445,4.5005134e-05,0.99983,1.3878894e-06
ID_HIJDMN,3.9944203e-07,0.99999905,3.94875e-07,1.5767164e-07
ID_HITNRL,4.69154e-05,1.6142601e-05,0.99993646,5.3569147e-07
ID_HJFWMV,5.93664e-05,1.7663522e-05,0.99992263,2.942361e-07
ID_HJGLOZ,0.00079466,0.9972253,0.0003191248,0.001660947
ID_HJNVPV,0.9998024,1.2655685e-05,0.0001841884,8.173794e-07
ID_HJRWRC,5.488126e-07,1.4263442e-05,2.9203434e-06,0.99998224
ID_HKLNTW,0.99859315,0.00014453128,0.0012458172,1.64844e-05
ID_HLDEDL,3.989512e-07,4.4686938e-05,8.703248e-07,0.999954
ID_HLUGGK,0.999984,5.35054e-06,1.0239336e-05,3.6289447e-07
ID_HMFMLT,0.9981964,0.00010486518,0.0016926554,6.0701927e-06
ID_HMTIMT,0.9998697,3.5691864e-05,9.293645e-05,1.6600972e-06
ID_HMXDQX,7.878374e-06,0.00084460655,7.861457e-06,0.99913967
ID_HPVLUO,1.1997973e-07,1.6912901e-07,1.0904201e-07,0.99999964
ID_HQJZSF,1.5684525e-06,2.475653e-05,2.212724e-05,0.9999516
ID_HQMIJT,9.552907e-07,0.99999785,9.0089827e-07,2.3703171e-07
ID_HRVNSM,1.1749614e-06,0.9999968,1.5065293e-06,5.3587917e-07
ID_HRYIFA,0.9981287,0.000114412214,0.001749377,7.5587063e-06
ID_HSUKYJ,1.0647674e-06,0.99999714,1.1487064e-06,6.8014157e-07
ID_HTVJNB,5.633441e-07,0.99999857,5.569031e-07,3.2973898e-07
ID_HTVKWC,2.7186812e-07,2.9764922e-06,7.7957026e-07,0.99999595
ID_HUFMBH,6.331728e-05,1.784669e-05,0.99991846,3.7115612e-07
ID_HVISJK,1.0651625e-07,9.177354e-08,2.7426017e-07,0.9999995
ID_HWKIFI,0.0003931257,0.9989743,0.00013581941,0.0004967058
ID_HWYATC,1.0826815e-06,0.999997,1.5881561e-06,2.7665715e-07
ID_HXCRPH,0.00011834468,1.6567936e-05,0.9998636,1.4028456e-06
ID_HYTXHX,3.1593927e-07,3.5980543e-07,8.5037675e-07,0.99999845
ID_HYWCAO,0.9975967,0.00011469461,0.0022755072,1.308139e-05
ID_HZITJP,1.8644978e-06,0.9999975,2.7884465e-07,3.2611345e-07
ID_IADKDN,3.2308098e-08,8.018431e-08,7.048115e-08,0.99999976
ID_IAUNPQ,0.00025446902,1.3817763e-05,0.99973065,1.0569706e-06
ID_IAYUXL,5.6334403e-07,0.99999845,9.1153834e-07,1.2773454e-07
ID_IBCCFS,6.162725e-08,2.4710897e-07,1.0100021e-07,0.99999964
ID_IBDNAG,1.2839127e-05,1.094879e-05,0.9999758,4.4756192e-07
ID_IBKNZU,5.7630547e-07,0.9999987,5.9311833e-07,1.9579814e-07
ID_IBNEAO,8.150143e-07,1.7873175e-05,9.607154e-07,0.99998033
ID_IBODDC,0.00030171633,2.4095501e-05,0.9996724,1.8431537e-06
ID_IDTLQJ,0.99992585,5.3520736e-05,1.6791557e-05,3.7880488e-06
ID_IDVKOX,6.7758854e-05,1.7114013e-05,0.9999138,1.2535521e-06
ID_IEFQOC,6.508351e-05,3.8705723e-05,0.999895,1.193625e-06
ID_IEHNEU,6.5641274e-05,5.1017443e-05,0.9998777,5.5868927e-06
ID_IEMAVT,0.0036620973,0.00022897845,0.99610424,4.762041e-06
ID_IEOLLX,0.9883328,0.0010073371,0.010594569,6.5262655e-05
ID_IGDVEU,0.0031666984,4.545613e-05,0.9967867,1.1352014e-06
ID_IIAVBJ,0.98960835,0.00013262693,0.010250595,8.386662e-06
ID_IJLDZY,0.00012138245,1.9266488e-05,0.999859,4.0068358e-07
ID_IKMAKG,7.8465945e-07,0.99999595,2.7291358e-06,5.012174e-07
ID_IKVUWD,0.99994254,1.5723359e-05,4.080337e-05,9.22376e-07
ID_IMSZXP,5.1620873e-07,0.99999857,5.312684e-07,3.2973898e-07
ID_IMWLHD,3.8172534e-06,2.384788e-06,0.9999937,1.1779999e-07
ID_INTDEO,0.99973124,1.5545847e-05,0.00025244098,8.1481596e-07
ID_IPIIVK,1.1608749e-05,0.00016581487,1.4373605e-05,0.99980825
ID_IPNWJS,6.5934924e-05,2.0125131e-05,0.9999125,1.4741079e-06
ID_IPUTNF,1.1629384e-06,0.00013071329,6.7553515e-06,0.99986136
ID_IQCHWD,6.8977447e-06,1.2289407e-05,0.99998033,4.598472e-07
ID_IQGRGJ,1.4421998e-06,0.999997,1.0965474e-06,4.478259e-07
ID_IQUWWF,3.3914588e-07,0.00010608458,4.790438e-07,0.99989307
ID_IRJAOX,6.230454e-07,0.99999833,8.569849e-07,1.6930694e-07
ID_IRWALG,4.7180867e-05,4.1692297e-06,0.9999485,1.3576302e-07
ID_ISGTTF,3.4083318e-06,0.00027735982,5.1465745e-06,0.9997141
ID_ISPEXV,0.9999299,9.997024e-06,5.9255686e-05,8.4001687e-07
ID_ISTTZD,0.99983394,1.8608545e-05,0.00014628173,1.1898383e-06
ID_ITKBYB,0.99990106,3.5972516e-05,6.182081e-05,1.1804013e-06
ID_IVAWBE,8.5630876e-07,0.99999774,9.0626065e-07,5.0868914e-07
ID_IVTLDU,7.6444957e-07,0.99999857,4.8056233e-07,1.9400001e-07
ID_IWZSCD,0.0017892441,8.951306e-06,0.9982016,2.2354621e-07
ID_IXCKHJ,0.99825364,0.00014707154,0.00158645,1.2793446e-05
ID_IXKYFH,6.8677327e-06,0.9999896,2.0695618e-06,1.3785622e-06
ID_IXPYEV,7.8466064e-07,0.9999975,1.2346659e-06,5.012182e-07
ID_IYSRIJ,1.8984359e-06,0.9999974,3.7573997e-07,3.0128706e-07
ID_IYVHTQ,2.0355446e-05,4.0001276e-05,0.99993813,1.5072975e-06
ID_IYZNTX,5.633442e-07,0.9999988,5.3126854e-07,1.4296403e-07
ID_IZGKUA,3.4998044e-07,2.405417e-05,1.3541533e-07,0.99997544
ID_IZTUIX,0.9996604,0.000102073485,0.00023056203,7.0400206e-06
ID_JAVLTI,0.0007789715,1.0557954e-05,0.9992101,3.4303616e-07
ID_JBBPNR,0.9988268,6.754147e-05,0.0010972377,8.41559e-06
ID_JCFYTI,2.5385375e-06,1.1034457e-05,0.9999858,6.058854e-07
ID_JCPCLB,0.9959447,4.631696e-05,0.004005128,3.9035854e-06
ID_JCQLQG,0.99858403,0.00018641882,0.0012219811,7.534627e-06
ID_JDCHUI,0.99874496,3.0894502e-05,0.0012229668,1.1383366e-06
ID_JDEOCS,8.3918155e-07,1.6405497e-06,0.9999974,1.558505e-07
ID_JECZIE,0.00047818036,7.9821206e-05,0.9994404,1.6600334e-06
ID_JEJIUK,6.373806e-07,0.9999988,4.7241636e-07,8.781908e-08
ID_JEQRYR,2.1302722e-06,3.5203939e-06,0.9999938,5.3756054e-07
ID_JHDIEV,1.3260289e-05,0.008056847,4.3548507e-06,0.99192554
ID_JHMOXA,0.9999238,1.1614876e-05,6.3981075e-05,5.6307425e-07
ID_JIFUYY,0.44009092,0.019563468,0.53977525,0.00057033077
ID_JIVAMT,0.00041485173,9.512855e-05,0.9994843,5.750263e-06
ID_JIXSST,7.088591e-07,1.7598903e-05,9.495412e-07,0.9999807
ID_JKVAAC,1.9952058e-05,1.3116558e-06,0.99997866,4.781954e-08
ID_JLFTVT,6.0490875e-06,0.0015382044,1.5733052e-05,0.99843997
ID_JLTBFO,6.9147035e-07,0.999998,1.0143002e-06,3.803002e-07
ID_JMFWFN,0.98775524,0.00015154081,0.012081852,1.1377034e-05
ID_JMGROA,7.846593e-07,0.9999957,3.0627189e-06,4.478253e-07
ID_JMUPYH,1.4411587e-06,0.9999968,1.1382785e-06,6.90279e-07
ID_JNFGCU,1.2165622e-06,5.6453723e-06,0.99999285,3.0997862e-07
ID_JNLKEV,0.9995571,4.3687403e-05,0.00039529722,3.8664293e-06
ID_JNZOKX,2.2872091e-05,2.3454031e-06,0.9999747,1.122635e-07
ID_JODBGW,0.00028623454,6.6780376e-05,0.99964535,1.6495374e-06
ID_JOFKPL,0.99998295,1.0156446e-05,6.4801943e-06,4.2207319e-07
ID_JRKXJK,5.442022e-05,1.1170483e-05,0.9999336,8.364722e-07
ID_JTGTDT,1.0858151e-05,0.00061828445,8.807516e-06,0.99936205
ID_JTSIEM,8.563065e-07,0.9999951,3.5352184e-06,5.086878e-07
ID_JUHMAV,7.846609e-07,0.99999785,9.0626077e-07,5.086892e-07
ID_JUQIPF,0.9976433,5.143333e-05,0.002302328,2.9772564e-06
ID_JUVDVO,3.247516e-07,2.125214e-07,0.9999994,1.1468371e-08
ID_JVEFEE,1.9589317e-05,3.6037607e-06,0.99997663,2.0563445e-07
ID_JVLRWQ,0.9594878,0.00022900519,0.04026949,1.3667946e-05
ID_JWOPRN,0.9999862,2.7343976e-06,1.0976043e-05,1.1214878e-07
ID_JXAXIB,7.433058e-07,0.9999976,1.2236098e-06,4.226022e-07
ID_JXCFZG,0.00033500235,1.0849512e-05,0.9996532,9.59839e-07
ID_JXIJHK,7.080765e-07,0.99999857,5.875705e-07,7.866136e-08
ID_KAWYYK,4.3126896e-05,7.70383e-06,0.99994874,3.8054125e-07
ID_KCDUYG,1.7673007e-06,2.4330996e-06,0.99999547,2.7706093e-07
ID_KDUBNX,2.1795026e-06,4.3869383e-07,0.9999974,2.1669903e-08
ID_KEJCVV,8.906676e-05,1.20427285e-05,0.9998987,2.5045162e-07
ID_KGGOYX,0.0027425615,6.388214e-05,0.99719197,1.595366e-06
ID_KGPLHC,2.1822923e-07,2.07942e-06,4.2575167e-07,0.99999726
ID_KIGPAK,1.2078101e-05,0.9984744,1.1698751e-05,0.0015018071
ID_KIMKCB,0.00033582046,8.014549e-05,0.9995827,1.3350493e-06
ID_KIQVVD,9.520586e-06,5.1013803e-06,0.9999852,1.06092976e-07
ID_KKJRNI,1.2987077e-07,1.4605692e-07,0.99999976,7.881716e-09
ID_KKOBOD,1.2000056e-05,4.3375653e-06,0.99998343,2.142602e-07
ID_KLRPRZ,3.998025e-06,2.8981008e-06,0.9999927,3.591188e-07
ID_KLVYAP,0.99910957,9.325535e-06,0.00088027096,8.1661665e-07
ID_KMJAIJ,0.00282601,2.0036343e-05,0.9971534,5.9061176e-07
ID_KNLXQL,4.3740394e-05,2.3082005e-06,0.99995387,9.873246e-08
ID_KNUZPA,9.624525e-06,7.248001e-07,0.9999896,3.5802525e-08
ID_KNZDMP,0.9999424,1.1518132e-05,4.5147503e-05,8.6473193e-07
ID_KONGKK,1.3354368e-07,1.2146826e-06,2.928008e-07,0.99999833
ID_KPMQMU,5.458748e-05,1.5386096e-05,0.99992967,3.1998337e-07
ID_KQZHKZ,1.26286795e-05,8.122218e-06,0.9999789,4.0120847e-07
ID_KRHOBX,7.846596e-07,0.9999962,2.603512e-06,4.4782553e-07
ID_KRNXGB,0.0001519602,6.0311913e-06,0.9998418,1.9639442e-07
ID_KRPYRQ,5.709148e-07,0.99999845,8.56985e-07,7.9833676e-08
ID_KSJZYW,7.2266776e-05,3.1504034e-05,0.9998938,2.4098572e-06
ID_KSRKIN,0.9989403,0.00020992398,0.0008292763,2.0557361e-05
ID_KVGOQK,7.126312e-05,2.0086312e-05,0.9999082,4.177334e-07
ID_KVSAIV,6.248795e-07,0.99999857,5.4545546e-07,2.8018127e-07
ID_KVSMTQ,4.0643463e-06,0.00014795907,2.5029708e-06,0.9998455
ID_KVZAOY,5.327253e-07,3.980518e-05,1.544613e-06,0.99995816
ID_KWBWRZ,0.9999677,2.8639374e-06,2.924829e-05,2.2407353e-07
ID_KWOISI,2.883392e-06,0.9999628,1.1988794e-05,2.2329681e-05
ID_KWQHIP,0.00017901017,3.5093355e-05,0.99978167,4.2170886e-06
ID_KYHLUP,1.6616676e-06,0.999997,1.0606374e-06,3.0298006e-07
ID_KYILXT,0.9999583,3.3099052e-06,3.8114125e-05,2.781204e-07
ID_KYSBXX,5.2668415e-06,2.4616568e-06,0.99999213,1.2159691e-07
ID_KZHWLL,2.2256961e-07,1.5731255e-06,4.985011e-07,0.99999774
ID_KZTCIC,3.9944203e-07,0.99999905,2.7128854e-07,2.3380312e-07
ID_LCBVPJ,2.521017e-06,3.4553946e-06,1.1182652e-05,0.99998283
ID_LCRGSC,9.49549e-07,0.99999845,3.501424e-07,2.3123253e-07
ID_LDNFCA,0.9999707,5.046276e-06,2.3802402e-05,4.8913984e-07
ID_LDNOVV,1.675185e-07,5.0853987e-07,3.542689e-07,0.9999989
ID_LDRIRX,3.2870794e-06,4.0504556e-06,0.9999925,2.1857602e-07
ID_LEYQFD,0.9999279,9.753603e-06,6.117393e-05,1.2152876e-06
ID_LFCWWU,5.1620884e-07,0.9999988,5.569032e-07,6.642221e-08
ID_LFXTMI,1.0647674e-06,0.99999714,1.1487064e-06,6.8014157e-07
ID_LGFAYI,0.99985695,2.2759783e-05,0.00011831454,1.9124313e-06
ID_LGFEKR,8.5630876e-07,0.99999774,9.0626065e-07,4.478262e-07
ID_LGKDBX,0.99971586,9.6995806e-05,0.00018321282,3.943179e-06
ID_LGZRGZ,5.3520093e-06,0.00018547912,8.328109e-06,0.99980086
ID_LHOFOL,3.3023386e-07,0.99999905,1.8057689e-07,4.0298204e-07
ID_LINAMW,6.297478e-05,2.1456884e-05,0.9999151,4.4623704e-07
ID_LINCBY,5.0603394e-06,1.0981964e-06,0.9999938,5.4246918e-08
ID_LIYLWT,3.4431478e-06,0.00011639663,1.2246343e-06,0.9998789
ID_LJQFWN,3.0041872e-06,0.00010825352,2.9977364e-06,0.9998857
ID_LKQWDV,2.7439422e-05,3.1799445e-06,0.99996924,1.0847094e-07
ID_LLPPYO,7.458765e-07,0.0010580485,4.5538675e-07,0.99894077
ID_LLVAJH,2.0376363e-05,3.3069891e-06,0.9999763,6.7281384e-08
ID_LMPJDC,8.076885e-07,5.4695985e-05,1.2922109e-06,0.99994326
ID_LPMFGH,4.4177452e-07,0.99999917,4.1662076e-07,3.3607005e-08
ID_LPZBKI,4.64546e-05,8.903145e-06,0.99994326,1.3737854e-06
ID_LPZTPI,0.9990702,2.9907915e-05,0.00089730934,2.5901772e-06
ID_LQGGAD,4.9032376e-05,1.5891133e-05,0.9999343,7.8496436e-07
ID_LRMWEM,7.727312e-07,0.9999982,6.5939e-07,3.9631732e-07
ID_LRVSVW,1.067317e-06,0.999998,6.890295e-07,2.1470554e-07
ID_LRWCUV,8.736517e-06,8.5894504e-07,0.99999034,4.242877e-08
ID_LTOUMX,1.5584806e-06,4.316708e-06,1.5551341e-06,0.9999926
ID_LUJSLH,8.674503e-07,0.9999988,1.7475189e-07,9.8905396e-08
ID_LUMPGJ,7.6444917e-07,0.9999981,6.6728546e-07,4.474507e-07
ID_LWLEZI,7.8465956e-07,0.99999607,2.7291362e-06,4.4782547e-07
ID_LYDHSX,0.9943509,0.0005714056,0.005028626,4.9046994e-05
ID_LYLGTW,8.942363e-07,0.99996936,2.97075e-06,2.6728516e-05
ID_LYOJXP,1.9009636e-05,8.140293e-06,0.9999722,6.6609897e-07
ID_LZAUTA,2.2137435e-06,3.21152e-05,3.0570263e-06,0.99996257
ID_MBFMSB,2.756578e-06,0.99999607,9.299535e-07,2.1651832e-07
ID_MBGIRZ,3.5994515e-05,1.014546e-05,0.9999536,2.1099427e-07
ID_MCMKMO,1.4427993e-06,0.9999596,1.2995457e-06,3.769554e-05
ID_MCXYEF,0.9998078,1.0880577e-05,0.00018097549,4.0138468e-07
ID_MDSGOA,4.9300896e-05,1.1470057e-05,0.99993885,3.7350085e-07
ID_MDTLYS,5.633441e-07,0.99999857,6.2497423e-07,2.9461364e-07
ID_MFBQPQ,1.4736434e-06,0.9999969,8.1948593e-07,7.832083e-07
ID_MFNEMR,0.9999399,8.678084e-06,5.078033e-05,6.515133e-07
ID_MFXZBJ,0.00012070142,4.1125615e-05,0.9998373,8.55286e-07
ID_MGCBZX,0.9999465,3.0866527e-06,5.033064e-05,1.17651176e-07
ID_MGUVTI,7.405251e-06,0.9999856,5.3965723e-06,1.6018629e-06
ID_MHBSUK,1.4411593e-06,0.99999714,1.1382789e-06,2.9928296e-07
ID_MIZQYO,3.376727e-07,4.7009685e-06,5.4966887e-07,0.9999944
ID_MJDAET,5.7245406e-06,0.99999154,2.3141636e-06,4.1858613e-07
ID_MLTJOR,7.466196e-05,2.5119058e-05,0.99989974,5.2239847e-07
ID_MMGILS,3.9121088e-07,1.6390015e-05,7.7504603e-07,0.9999825
ID_MMPFYM,4.6412472e-07,0.9999974,3.9128983e-07,1.7087219e-06
ID_MNFBKJ,2.8096817e-06,6.0695118e-05,5.234754e-06,0.9999312
ID_MNFODC,7.039818e-07,0.9999982,6.959328e-07,4.1205766e-07
ID_MNKUZR,8.812845e-07,0.99999774,1.2121869e-06,2.1866892e-07
ID_MNOFUX,8.731124e-07,0.999998,7.4504766e-07,4.181994e-07
ID_MORRXV,4.9540745e-07,0.9999989,3.9129043e-07,1.6002177e-07
ID_MOYCIS,3.011086e-06,2.1748872e-06,0.99999464,1.8174643e-07
ID_MPKKUQ,7.88244e-08,1.5766331e-07,6.365024e-08,0.99999964
ID_MPRONQ,1.5684946e-06,4.190294e-06,1.5798916e-05,0.9999784
ID_MRASAT,0.0011030901,1.930226e-05,0.9988764,1.2032384e-06
ID_MREXLF,1.0829374e-06,0.99999785,9.1299245e-07,1.4839745e-07
ID_MSKYZF,8.6584034e-05,2.5761692e-05,0.9998872,4.2913408e-07
ID_MSTDFL,1.4150497e-07,5.1817983e-06,1.6062117e-07,0.9999945
ID_MSTKSW,6.9868656e-07,0.9999982,8.0488235e-07,3.3465372e-07
ID_MSXYUE,2.4458814e-06,8.81149e-05,3.5088333e-06,0.99990594
ID_MSZOIE,3.763517e-07,8.372161e-06,7.365194e-07,0.99999046
ID_MUGCIL,1.1384589e-06,4.4678585e-05,2.0613845e-06,0.9999521
ID_MUIUQL,5.2068433e-05,1.4751906e-05,0.9999329,3.0679388e-07
ID_MUJNJW,6.1763814e-05,0.0059310766,2.750585e-05,0.9939797
ID_MUKHHA,1.5088726e-06,1.819097e-06,0.99999654,1.5201435e-07
ID_MUOGLX,0.9483588,0.02419077,0.026404658,0.001045744
ID_MXIYTV,5.873047e-07,2.1146147e-06,1.1635357e-06,0.9999962
ID_MXMLNF,2.3956142e-07,6.0124644e-06,2.1869553e-07,0.99999356
ID_MXOEXX,8.77921e-07,4.5967077e-05,1.7855679e-06,0.99995136
ID_MZJILQ,0.9999645,9.376025e-06,2.5435662e-05,7.0391104e-07
ID_MZMTYP,6.2892826e-07,0.9999987,4.2714845e-07,1.9579814e-07
ID_NAHDLQ,0.9999347,7.676103e-06,5.7155725e-05,5.206232e-07
ID_NAQYIP,6.768659e-05,0.9998204,8.923594e-05,2.270103e-05
ID_NBPVTP,1.0647668e-06,0.99999654,1.6754136e-06,6.8014117e-07
ID_NCEMDY,1.0960282e-05,0.00075899507,4.6299854e-05,0.9991837
ID_NDSJDA,0.00022570665,3.0977193e-05,0.9997427,6.4423017e-07
ID_NFLKEF,1.3813741e-06,3.3101576e-05,1.9949653e-06,0.9999635
ID_NFNPRL,7.384903e-07,0.99999833,8.324025e-07,8.707316e-08
ID_NGRGOW,3.9944206e-07,0.99999917,2.7128857e-07,1.7910041e-07
ID_NHJSDJ,7.0790463e-07,3.482304e-07,0.9999989,1.8791686e-08
ID_NHYWEN,1.609561e-05,0.0003863118,2.0523401e-05,0.9995771
ID_NJLZUJ,2.2726363e-06,0.9999969,4.49802e-07,3.8620394e-07
ID_NKRJRE,4.2966683e-05,2.1464828e-06,0.9999548,4.974243e-08
ID_NLPICA,7.216766e-07,5.6932083e-07,0.9999987,2.812241e-08
ID_NMGGYU,6.194847e-06,0.9995709,6.960565e-06,0.00041598568
ID_NMOUMD,1.0537465e-06,5.7530742e-05,2.3601328e-06,0.9999391
ID_NMPTSC,1.8129785e-07,1.3348428e-06,3.1483233e-07,0.9999982
ID_NMZZMM,6.644771e-05,0.001086169,3.2420397e-05,0.99881494
ID_NNKBRS,0.999795,2.7032304e-06,0.00020212945,2.1149967e-07
ID_NRSIYE,9.540968e-07,2.5965937e-05,1.3175415e-06,0.99997175
ID_NSTSNW,2.5032382e-06,1.2352319e-06,0.9999962,4.0222968e-08
ID_NTGAWG,6.383976e-06,3.1809483e-05,0.99996006,1.7045633e-06
ID_NTHUOG,0.9973695,0.0003899058,0.0022031139,3.745811e-05
ID_NTRKRJ,0.985112,0.00011318516,0.014772009,2.7423757e-06
ID_NXBDAW,0.9971264,7.111171e-05,0.0027992448,3.262356e-06
ID_NXWSMB,2.2305376e-06,2.9539056e-06,1.6310085e-05,0.99997854
ID_NZBHZD,4.0483852e-07,1.7544085e-05,5.9233423e-07,0.9999814
ID_NZMCVC,6.5654845e-06,0.9999896,1.9670717e-06,1.8739613e-06
ID_OCJFSP,0.9932474,0.00029020198,0.0064396746,2.270531e-05
ID_ODOOCR,3.660205e-07,0.99999917,3.766986e-07,1.0136936e-07
ID_OGBSZV,0.00016215585,0.9994041,0.0003118056,0.000121950514
ID_OGGKXA,8.530024e-07,8.417812e-06,1.2239337e-06,0.9999895
ID_OGWZDU,0.00014741838,0.9982041,4.309244e-05,0.0016053657
ID_OHNZBJ,6.2304576e-07,0.9999989,3.8236146e-07,7.779673e-08
ID_OIJPYH,8.563089e-07,0.99999785,8.0755234e-07,4.4782627e-07
ID_OJKWLR,0.00024545274,9.006155e-05,0.9996629,1.6023832e-06
ID_OJQATT,3.5633238e-07,6.1956375e-06,3.1570926e-07,0.9999931
ID_OLFWUX,9.519227e-06,4.9482974e-06,0.9999846,9.632599e-07
ID_OLWSVJ,7.4567413e-07,1.6568363e-05,6.3301803e-07,0.999982
ID_OMCGWZ,0.99927825,0.0001575973,0.0005530941,1.1092897e-05
ID_OMVAKT,1.6144386e-05,1.6258157e-06,0.9999821,8.0309476e-08
ID_ONFDRI,8.559077e-06,2.4146926e-05,5.5172354e-06,0.99996173
ID_OPIJCZ,1.1625125e-07,5.7598487e-07,1.5478682e-07,0.99999917
ID_OPISVA,0.99987555,5.2930875e-05,6.778774e-05,3.7462999e-06
ID_ORCSSL,7.7487704e-05,2.4596191e-05,0.9998969,1.0447475e-06
ID_ORFPYF,7.593609e-07,2.7568285e-06,0.9999963,1.3617746e-07
ID_ORIXUZ,1.8194069e-06,0.99999523,1.9255401e-06,1.0808153e-06
ID_ORSALM,4.8668613e-07,4.143394e-06,0.99999523,1.2500122e-07
ID_OSGSTN,2.9291998e-05,8.869382e-05,0.99987984,2.112581e-06
ID_OSWRUL,0.9999279,9.774116e-06,6.156136e-05,7.33798e-07
ID_OTAMKM,1.7742492e-07,9.4969766e-07,2.7588348e-07,0.99999857
ID_OTIEVR,7.673491e-06,2.08047e-06,0.9999901,1.9244497e-07
ID_OTMIGF,0.00027020404,3.9440085e-05,0.99968743,2.8888726e-06
ID_OTMNRG,5.6334414e-07,0.9999987,3.8260575e-07,3.2973904e-07
ID_OTVREC,0.9976488,0.00017911958,0.0021537913,1.8307885e-05
ID_OUKSSJ,1.0620353e-06,0.99999714,1.3217999e-06,5.086888e-07
ID_OVOOFO,0.00017515858,2.252458e-05,0.9998012,1.0876206e-06
ID_OVVPGU,4.574172e-07,2.555454e-06,2.5012173e-07,0.9999968
ID_OWPRUX,0.00014018746,1.3119057e-05,0.99984634,2.7283565e-07
ID_OWQVGA,6.4305636e-06,0.9999908,1.8797432e-06,8.865182e-07
ID_OZGWSO,3.4720524e-06,1.1672015e-05,0.9999846,2.7801397e-07
ID_PAIYWE,2.6351321e-05,8.619381e-06,0.9999646,4.257662e-07
ID_PANQZY,0.999711,6.2110055e-05,0.00022460248,2.2660554e-06
ID_PAOKRA,0.9999763,5.471076e-06,1.7753218e-05,5.407307e-07
ID_PBEPTC,6.7244395e-07,4.812925e-06,0.9999943,2.6427074e-07
ID_PBRNDT,8.396629e-07,0.9999976,1.23168e-06,2.9440383e-07
ID_PBXKUS,1.5963552e-06,3.4553893e-06,1.3656675e-05,0.9999813
ID_PBXXTP,6.711088e-06,2.7535381e-05,0.9999651,6.558599e-07
ID_PCHQSU,5.162086e-07,0.99999833,8.1225573e-07,3.2973892e-07
ID_PDCTGC,3.6069657e-06,0.028476037,1.5484553e-05,0.9715048
ID_PDCVQE,0.0045514563,0.00046461038,0.99495184,3.216137e-05
ID_PDGUOD,1.9544817e-05,6.776914e-05,1.7772201e-05,0.99989486
ID_PFCUWV,0.99775404,3.9605748e-05,0.0022034082,2.9734267e-06
ID_PGFAHM,4.932046e-07,0.99999905,4.6512247e-07,5.1514448e-08
ID_PGOFPW,0.99347115,0.0001546934,0.0063654375,8.696091e-06
ID_PGWIWQ,4.465558e-06,0.9999945,5.218325e-07,4.5796833e-07
ID_PHXPOD,7.840006e-05,1.0999111e-05,0.99991024,3.8477353e-07
ID_PIAMAG,0.99976677,5.1594757e-06,0.00022794711,1.3021872e-07
ID_PICJTF,1.4810963e-06,0.99999774,3.5604228e-07,3.8620425e-07
ID_PIJZTT,2.0616528e-05,0.0012610374,9.9507415e-06,0.99870837
ID_PKQRMJ,5.0192234e-06,2.1619831e-05,5.008446e-06,0.9999684
ID_PKYMQI,0.99997854,4.8721413e-06,1.6193286e-05,4.0560562e-07
ID_PLDVLB,6.2304565e-07,0.9999987,5.875706e-07,8.70717e-08
ID_PLZYXW,0.9896548,0.00035991595,0.009976535,8.720443e-06
ID_PNFCKW,0.004494544,6.4953616e-05,0.9954385,2.0184837e-06
ID_PPEGDJ,0.99999416,6.832933e-07,5.1704133e-06,4.6343615e-08
ID_PPKBLF,8.5630876e-07,0.99999774,8.465181e-07,5.0868914e-07
ID_PPXPKV,6.391232e-08,9.208572e-06,6.810988e-08,0.9999907
ID_PRKEKM,0.99994564,1.6144491e-05,3.6224264e-05,2.0109135e-06
ID_PRLKYI,0.00076578074,2.3444165e-05,0.99921036,3.9052912e-07
ID_PRMQOT,0.98779523,0.00046795656,0.011674578,6.220192e-05
ID_PROOUK,4.966833e-07,0.9999989,4.959714e-07,1.3755643e-07
ID_PSQGYI,5.1749504e-07,0.081422076,9.932944e-07,0.9185764
ID_PSWPIE,7.8466104e-07,0.999998,8.4651833e-07,4.4782632e-07
ID_PTBYNC,0.9998629,1.1608565e-05,0.000124502,9.754303e-07
ID_PTTKUH,0.0014230238,0.00023213692,0.99834,4.827732e-06
ID_PUHXOV,5.633442e-07,0.9999988,5.3126854e-07,6.642221e-08
ID_PUMIOI,0.9989938,5.929039e-05,0.00093947205,7.364273e-06
ID_PVDPOY,6.9557996e-07,0.99999845,6.55975e-07,2.0922697e-07
ID_PVFOBG,1.3960407e-06,2.6019103e-07,0.99999833,1.2852506e-08
ID_PVGLHK,5.1620884e-07,0.9999988,5.3126854e-07,1.4296403e-07
ID_PVTQFI,6.289284e-07,0.9999988,4.271485e-07,9.096954e-08
ID_PVVNGT,5.6334414e-07,0.9999987,5.5690316e-07,1.4296401e-07
ID_PWBLRE,1.9533647e-05,6.727075e-06,0.99997354,2.600618e-07
ID_PWDCFX,0.012141205,0.00021589828,0.9876385,4.4900185e-06
ID_PWNDLE,1.8644967e-06,0.9999969,8.9898356e-07,3.2611325e-07
ID_PWPECK,0.00023566956,2.4282735e-05,0.9997377,2.3508344e-06
ID_PXNHNU,3.9944203e-07,0.99999905,3.7669855e-07,1.5767164e-07
ID_PXYGZV,0.03603926,0.00014962537,0.9638041,7.0197084e-06
ID_PZGLVE,7.362096e-05,2.1574311e-05,0.99990356,1.2550164e-06
ID_QAGXOK,1.1887221e-06,0.99999785,8.1180076e-07,1.4650975e-07
ID_QAYMJX,0.000100869656,1.3529807e-05,0.9998853,2.8137828e-07
ID_QBKVPR,3.3203678e-06,8.6877066e-07,0.9999958,2.8043376e-08
ID_QCDDTP,0.93018466,0.00041987104,0.06937122,2.4304547e-05
ID_QEBWST,7.846609e-07,0.99999785,8.465182e-07,5.012184e-07
ID_QETYTO,4.0727724e-07,2.9429582e-06,3.7180325e-07,0.9999963
ID_QHHFWC,1.0086983e-05,0.008869828,1.4247872e-05,0.99110585
ID_QJPPKT,2.0548675e-06,0.99999666,8.9898333e-07,3.4919702e-07
ID_QKFDBL,1.3391754e-06,0.9999981,2.7884482e-07,3.2611365e-07
ID_QKHPMH,1.0673174e-06,0.99999833,4.3726823e-07,1.223734e-07
ID_QKNHCR,7.222628e-05,1.3336242e-05,0.99991405,4.1126924e-07
ID_QLLZQZ,6.02077e-08,1.5134509e-07,7.957685e-08,0.99999976
ID_QLOFSU,2.0770138e-07,8.9204275e-07,2.0725538e-07,0.9999987
ID_QNGYRG,0.9999254,6.5790744e-05,7.1196378e-06,1.6739735e-06
ID_QOCKYY,0.9692686,0.00030690545,0.03041417,1.0249653e-05
ID_QPQFUP,9.560184e-07,0.99999833,5.875704e-07,8.707167e-08
ID_QQBJRO,4.8778867e-07,1.3455215e-05,5.7449245e-07,0.99998546
ID_QRGJTL,0.999931,2.6707565e-05,4.1026124e-05,1.2677517e-06
ID_QRHEXN,1.4128867e-06,0.99999785,3.2393606e-07,3.862043e-07
ID_QRZZWA,0.9997279,2.461578e-05,0.0002456678,1.7422363e-06
ID_QSESQA,0.999913,1.8532193e-05,6.6508524e-05,1.9449885e-06
ID_QSGSHH,0.9998016,1.3763438e-05,0.00018334754,1.3341019e-06
ID_QSVRON,0.9998362,4.7084373e-05,0.00011381327,2.8856236e-06
ID_QTBPXG,0.00011729339,5.679394e-06,0.9998766,4.3443774e-07
ID_QTNNPA,2.7121353e-06,6.494423e-07,0.99999666,3.2080123e-08
ID_QTPUJG,6.72077e-07,0.99999297,1.1063551e-06,5.229389e-06
ID_QTTMED,9.994493e-07,2.3322925e-06,8.32352e-07,0.9999958
ID_QUMMZT,2.7982196e-06,0.9999927,3.5878622e-06,9.388857e-07
ID_QURHKE,5.1620816e-07,0.9999975,1.7127861e-06,3.2973864e-07
ID_QVYSFM,0.00012354027,0.00281943,4.327257e-05,0.9970138
ID_QWHBRI,0.00022083643,2.325573e-05,0.99975556,3.8738983e-07
ID_QWQZCT,8.900871e-07,0.9999974,1.3056448e-06,4.1495184e-07
ID_QWVCLM,6.4196274e-07,2.3064918e-06,7.69734e-07,0.9999963
ID_QXKVOW,0.0028484475,0.00056170195,0.99657816,1.1681668e-05
ID_QXLQMR,6.230457e-07,0.9999988,4.2315315e-07,1.6930703e-07
ID_QXSOBJ,3.3523082e-07,0.9999988,5.5184785e-07,3.3465392e-07
ID_QYBWII,7.5526407e-07,1.15438415e-05,4.226389e-07,0.99998724
ID_QZAJWB,6.715159e-07,0.999998,1.0365541e-06,2.8806005e-07
ID_QZDQPX,0.9999976,1.6935213e-06,5.752363e-07,8.6953435e-08
ID_QZGPGU,5.1815863e-07,0.9999989,2.8033796e-07,2.4529007e-07
ID_QZIMFY,3.6768133e-06,0.00049466273,3.257644e-06,0.99949837
ID_RAWHIQ,3.662815e-07,4.5303054e-06,2.7659402e-07,0.9999949
ID_RBPJIE,0.9998559,2.3345352e-05,0.00011879958,2.0045966e-06
ID_RBRTQO,7.846609e-07,0.99999785,9.0626077e-07,5.086892e-07
ID_RBVWUL,0.9997727,7.846089e-06,0.00021895555,5.321518e-07
ID_RCJRPR,3.0603758e-06,1.1182332e-05,2.916126e-06,0.99998283
ID_RCRXQD,6.289284e-07,0.9999988,4.271485e-07,7.940409e-08
ID_RCUVRF,5.633441e-07,0.99999857,5.569031e-07,3.2611382e-07
ID_RCYKMF,6.248794e-07,0.99999845,5.893e-07,2.8018124e-07
ID_RDHURE,0.95695454,0.0075391782,0.03529045,0.0002157857
ID_REMOGV,1.2770166e-06,0.0033147817,1.0635129e-06,0.9966828
ID_REULJL,1.4128871e-06,0.9999981,3.0839593e-07,1.6744553e-07
ID_REYPNJ,7.956241e-06,0.0002758226,1.8041621e-05,0.99969816
ID_RFKKZX,8.383249e-05,1.5792286e-05,0.9999001,2.630651e-07
ID_RGCNWA,0.99996996,1.7301705e-06,2.815508e-05,1.173469e-07
ID_RGJGFW,1.0151937e-07,1.4711092e-07,8.120581e-08,0.99999964
ID_RGTTHZ,0.9999789,9.906193e-06,1.0455783e-05,7.0113276e-07
ID_RGWSWF,2.4745523e-06,0.00086243195,6.0088596e-06,0.9991291
ID_RHIKBI,3.655963e-05,5.206148e-06,0.99995816,1.0827172e-07
ID_RIAKBG,1.4049356e-05,6.6971796e-07,0.9999852,3.3081665e-08
ID_RIKUDS,5.563679e-07,0.99999845,6.002282e-07,3.5539153e-07
ID_RJKRIP,3.205609e-06,0.0011247162,6.682312e-06,0.99886537
ID_RKOHFR,1.3122976e-05,0.018588029,2.2937952e-06,0.98139656
ID_RKQIFO,3.162593e-06,1.0526992e-06,0.9999957,6.562175e-08
ID_RLMZSH,5.162088e-07,0.9999987,7.748672e-07,6.64222e-08
ID_RMLFIJ,5.1828133e-06,0.9990922,2.2971293e-05,0.00087961915
ID_RMTSMJ,0.0030937088,7.165964e-05,0.99683315,1.490298e-06
ID_RMWWZJ,1.0455832e-06,0.9999974,1.1312277e-06,4.825715e-07
ID_RNXHHA,9.928443e-07,3.1598196e-05,8.01716e-07,0.9999666
ID_ROCPLC,4.3351592e-06,0.00022826587,3.174769e-06,0.99976426
ID_ROIPLG,8.700566e-06,5.355925e-06,0.9999857,2.645635e-07
ID_RPPEEI,1.2807185e-05,0.015894303,4.4455486e-05,0.98404837
ID_RRAGGS,1.96111e-07,6.3671146e-06,2.872505e-07,0.9999932
ID_RRBFNL,0.003792444,0.00024114735,0.99596137,5.0151216e-06
ID_RRGPYK,7.7009196e-07,0.00022449855,1.1374395e-06,0.99977356
ID_RRNXWU,0.00028637482,0.99944013,0.000100852354,0.00017259308
ID_RRPSJN,7.450399e-06,0.00015564251,6.3247962e-06,0.9998306
ID_RSCGZV,7.181164e-05,0.99946314,2.352437e-05,0.00044149547
ID_RSOEDW,5.633433e-07,0.99999714,2.0148873e-06,3.2611334e-07
ID_RSUGXE,2.0463138e-05,6.1269157e-06,0.9999733,1.2742085e-07
ID_RTTNZC,7.8466076e-07,0.9999976,1.1778333e-06,4.4782615e-07
ID_RUCXQY,4.32132e-06,1.3281938e-06,0.9999943,4.6837076e-08
ID_RUQJUY,2.1566275e-06,3.068375e-05,7.670539e-07,0.9999664
ID_RUTEEA,4.5878685e-05,6.630645e-06,0.9999472,3.275301e-07
ID_RUVILG,3.3917968e-05,9.560171e-06,0.99995637,1.988219e-07
ID_RVUZXG,0.99999344,2.4616436e-06,3.877073e-06,2.068438e-07
ID_RWIORE,7.3719325e-06,2.5311576e-06,0.99998987,2.4045707e-07
ID_RWROAQ,8.6441014e-07,0.9999975,1.2335054e-06,3.6499506e-07
ID_RWUAEX,2.7465103e-06,3.5294575e-05,1.92162e-06,0.99996006
ID_RWYITO,0.99999774,7.602155e-07,1.4791851e-06,6.787795e-08
ID_RXLXBE,6.985746e-07,1.42825065e-05,1.1974093e-06,0.9999838
ID_RYQIAU,2.1822886e-07,3.6376682e-06,5.2758656e-07,0.9999956
ID_RYQIJC,0.000107070664,3.648135e-05,0.99985564,7.586989e-07
ID_SAUEVY,0.0001601723,3.5249504e-05,0.99980384,7.785261e-07
ID_SBEIYW,8.625751e-08,3.0531984e-07,7.874445e-08,0.9999995
ID_SCGIJI,0.00011234527,1.9401665e-05,0.9998678,4.0349482e-07
ID_SCHCGB,1.9051087e-06,0.9999975,2.8491823e-07,3.5680324e-07
ID_SDLDMV,6.656527e-05,0.00063495827,2.2884498e-05,0.9992756
ID_SDQRVB,4.11718e-06,8.620451e-06,0.99998665,5.8952526e-07
ID_SEZDZP,2.4230715e-08,1.7136861e-07,4.011531e-08,0.99999976
ID_SFBLCM,3.289822e-05,2.1644641e-06,0.99996483,1.0691678e-07
ID_SFUMKA,4.5394154e-06,9.517246e-07,0.9999944,5.5812443e-08
ID_SFVMMH,3.7318256e-05,6.5152776e-06,0.9999559,3.218314e-07
ID_SGNHCD,9.500552e-05,1.221727e-05,0.99989235,3.9783242e-07
ID_SHDIID,8.0547284e-07,0.9999982,6.361911e-07,3.858017e-07
ID_SHDKUX,1.0647674e-06,0.99999714,1.1487064e-06,6.076896e-07
ID_SHQXHO,7.789427e-06,3.7533957e-06,0.9999883,1.222224e-07
ID_SICHIC,7.6970383e-07,0.9999981,5.792569e-07,5.832285e-07
ID_SIFZMG,0.99894685,7.34767e-05,0.0009756373,4.02341e-06
ID_SJMQBD,4.4275953e-06,0.00032665292,1.7910143e-05,0.99965096
ID_SLMINA,1.2517424e-06,0.999997,9.848417e-07,7.8989035e-07
ID_SLMYSY,1.4352104e-06,2.9539176e-06,1.3028077e-05,0.9999826
ID_SLSSUE,0.9951544,0.0010652227,0.0037389284,4.1475654e-05
ID_SMBIHP,7.8466064e-07,0.9999975,1.1778332e-06,5.012182e-07
ID_SNITZY,8.563089e-07,0.99999785,7.4746947e-07,5.086892e-07
ID_SNMASC,8.5164794e-07,0.9999988,3.1004728e-07,5.8515408e-08
ID_SOEIUE,0.03562805,0.00037584532,0.96398675,9.386205e-06
ID_SPALGS,4.5256925e-08,2.0003132e-07,2.3031679e-07,0.9999995
ID_SPXUQR,0.999974,6.030217e-06,1.9396659e-05,5.959926e-07
ID_SRRBVW,0.9998468,5.537889e-05,9.528274e-05,2.478208e-06
ID_STAGDU,1.0517929e-06,0.9999956,3.1554287e-06,1.7661861e-07
ID_STTQTU,0.000339115,4.1269286e-05,0.99961877,8.5827304e-07
ID_SUBIBF,2.4833428e-06,0.9999969,2.974178e-07,3.0128692e-07
ID_SUBJSJ,0.0007189859,0.00023769929,0.99903846,4.943408e-06
ID_SUTSJH,4.4655535e-06,0.99999344,1.6823652e-06,4.5796781e-07
ID_SVISXU,1.9119128e-05,2.3995892e-06,0.9999783,1.1853112e-07
ID_SXADNZ,0.00086072995,4.4793273e-05,0.9990934,1.1186486e-06
ID_SXADYW,6.66708e-05,5.7221837e-06,0.9999268,7.611445e-07
ID_SXCZVK,5.744471e-07,3.838306e-05,1.0411738e-06,0.99995995
ID_SXNPKC,2.239743e-06,0.99999726,3.6820933e-07,1.1872818e-07
ID_SZMORK,4.966832e-07,0.9999987,5.358383e-07,3.1726663e-07
ID_SZOAOB,0.9489272,0.00057169347,0.05045809,4.292027e-05
ID_TAXEGB,5.111337e-06,5.641266e-07,0.9999943,4.169114e-08
ID_TAXRNS,0.99902844,2.4720988e-05,0.0009453231,1.5632938e-06
ID_TBIUHC,1.1692424e-06,0.9999975,1.1518903e-06,1.5525387e-07
ID_TBMOOG,1.2005455e-07,2.4528129e-07,3.8621994e-07,0.9999993
ID_TDWDXA,8.5630694e-07,0.9999956,3.1501727e-06,4.4782527e-07
ID_TEJVIO,0.034805216,0.00020737408,0.9649836,3.8620065e-06
ID_TFMMKM,1.6659129e-06,4.1034896e-06,1.5571377e-06,0.9999927
ID_TFOYNB,3.0030764e-05,9.910332e-06,0.9999598,2.0610415e-07
ID_THGEGJ,0.9994918,2.720072e-05,0.0004789617,1.955367e-06
ID_THXTJN,9.052719e-08,1.6340756e-07,2.615824e-07,0.9999995
ID_TIKKOC,0.9999815,5.380281e-06,1.2560166e-05,5.3175654e-07
ID_TIVDWG,3.0734998e-06,0.012294961,2.4639899e-06,0.9876995
ID_TJNQXM,3.2081025e-05,5.4035786e-06,0.9999622,3.4618228e-07
ID_TKNLZJ,0.0050635757,6.7888264e-05,0.99486274,5.7482516e-06
ID_TMGNTU,9.433396e-09,1.7229839e-08,1.7049384e-08,1.0
ID_TMLHZP,0.9995766,8.294671e-05,0.00033334823,7.0267342e-06
ID_TMSZTO,0.9903909,9.591126e-05,0.00949618,1.7054068e-05
ID_TNDXKP,2.8649472e-06,4.809107e-06,0.99999213,2.1512322e-07
ID_TNTYMU,0.046309795,0.0011820889,0.9524817,2.6419557e-05
ID_TQWIDM,1.1542631e-06,0.9999982,2.1332424e-07,4.0752744e-07
ID_TRMAWK,0.99683374,5.5451572e-05,0.0031064276,4.3385085e-06
ID_TRZMLZ,0.004049509,0.000424061,0.9955177,8.819161e-06
ID_TSSLAD,0.9765212,0.00023874136,0.023230117,9.921417e-06
ID_TTFIOX,5.633441e-07,0.99999857,5.312684e-07,3.704351e-07
ID_TTRXDO,0.9999058,1.4172296e-05,7.9094825e-05,9.3629967e-07
ID_TTRXNQ,4.4177446e-07,0.99999905,4.166207e-07,3.7613802e-08
ID_TUTHLI,2.8610066e-06,0.00018011633,5.280284e-06,0.9998117
ID_TVDXTF,3.1699426e-06,1.3461282e-05,2.8856327e-06,0.99998045
ID_TVVOGT,0.99956936,2.749374e-05,0.00040166406,1.4606683e-06
ID_TWFOOH,0.99994254,5.129325e-06,5.1908646e-05,4.3100067e-07
ID_TWHCGX,0.99976796,7.638336e-06,0.00022393127,5.180612e-07
ID_TWVGUH,7.0054284e-08,6.25296e-08,5.656842e-08,0.99999976
ID_TXPIAA,0.00010867915,0.9995136,0.00018842402,0.00018923475
ID_TZTWZL,0.99992955,2.1620208e-05,4.7270183e-05,1.5302165e-06
ID_TZWFLT,5.633438e-07,0.9999981,9.997814e-07,3.2973884e-07
ID_UABYGB,0.0015870553,6.02255e-05,0.9983517,1.0032267e-06
ID_UARLKT,1.3456962e-07,1.461087e-06,2.7599097e-07,0.9999981
ID_UAVUGI,4.5013883e-07,2.1377627e-05,4.6493471e-07,0.9999777
ID_UAZQTA,0.00011761404,3.4048317e-05,0.9998467,1.6440549e-06
ID_UBEWPC,9.634128e-05,1.469345e-05,0.9998877,1.2441274e-06
ID_UBLPMY,1.4128873e-06,0.9999982,2.0557457e-07,1.6744555e-07
ID_UBTHLE,4.4039216e-06,0.00069848384,2.365239e-06,0.99929476
ID_UBVZZX,0.9994579,6.882267e-05,0.00046889076,4.3763357e-06
ID_UDICHC,4.08066e-07,3.1407699e-06,1.3127635e-06,0.9999951
ID_UFBZOV,1.4570157e-06,0.9999981,1.9771626e-07,2.3123245e-07
ID_UFGHMX,1.6528086e-06,5.1906503e-05,2.2824142e-06,0.9999442
ID_UGFAUT,3.2647627e-08,3.4337983e-08,7.892838e-08,0.9999999
ID_UGKPXK,2.458115e-07,3.5765243e-06,4.3394698e-07,0.9999957
ID_UHCXKF,5.095655e-07,0.99999666,8.388329e-07,1.9862077e-06
ID_UHJIFJ,0.9993917,2.0371212e-05,0.00058653764,1.399952e-06
ID_UIFJLE,2.7000171e-06,1.1784438e-06,0.99999607,9.8477635e-08
ID_UIJZCT,0.99266607,0.00027931063,0.007044482,1.0156962e-05
ID_UJNKSW,4.1603386e-07,8.4914345e-06,6.839877e-07,0.99999046
ID_UJTQRO,7.56787e-07,0.99999905,1.4945344e-07,4.6482562e-08
ID_UJWTRH,5.188871e-07,9.647112e-06,1.3063034e-06,0.99998856
ID_ULYCLD,3.6710324e-05,0.2808118,5.8137346e-05,0.71909344
ID_ULZRVC,6.488988e-07,1.1578187e-05,5.839524e-07,0.99998724
ID_UMYAFU,5.6146073e-06,1.542749e-05,7.096947e-06,0.99997187
ID_UMZXKJ,1.06985935e-05,2.3175317e-06,0.99998677,1.9623079e-07
ID_UOIPKJ,1.0805522e-07,7.9572565e-08,5.7743523e-07,0.9999993
ID_UOOAPA,0.99861825,0.00015734068,0.0012133784,1.10456385e-05
ID_UOSZZU,3.3702477e-07,4.464133e-07,0.99999917,2.4089967e-08
ID_UPIUVM,5.633444e-07,0.99999905,3.541399e-07,6.6422224e-08
ID_URHMNJ,0.999619,8.089072e-05,0.0002960776,3.953543e-06
ID_URMZQG,7.1226987e-07,0.9999981,1.0448103e-06,2.037061e-07
ID_URPUJI,3.7874795e-06,2.953903e-06,1.5559304e-05,0.9999777
ID_UTASYL,0.99955696,8.8670764e-05,0.000346194,8.181757e-06
ID_UUMDMC,7.846609e-07,0.99999785,9.4998956e-07,4.4782627e-07
ID_UVEWHH,0.0014698294,6.57065e-05,0.9984584,6.0778925e-06
ID_UVZRRF,0.9985751,0.00017356448,0.0012448967,6.487594e-06
ID_UWBLYI,5.763053e-07,0.99999845,5.931182e-07,3.6812693e-07
ID_UWFKLU,5.2640677e-05,0.0014238564,2.457668e-05,0.9984989
ID_UXNIQI,6.9628484e-05,5.8331916e-06,0.99992406,4.9390985e-07
ID_UYOVRS,1.3407739e-06,0.9999933,4.574756e-06,7.011877e-07
ID_UYRVKP,4.704853e-06,3.0238902e-05,3.015146e-06,0.9999621
ID_UZCADS,0.00044211227,1.5769832e-05,0.99954176,3.279636e-07
ID_UZDQMH,0.999772,7.950977e-05,0.00014089527,7.638483e-06
ID_VAESYJ,2.9621208e-06,1.9068313e-05,2.2033594e-06,0.9999758
ID_VAYSCY,3.6718784e-06,0.00018925038,7.747685e-06,0.9997993
ID_VBVWJD,0.9999101,4.866531e-05,3.933842e-05,1.8948392e-06
ID_VCUOUA,0.9996094,7.951724e-05,0.0003082839,2.8568618e-06
ID_VEGQTZ,0.9969689,0.00022622183,0.0027922217,1.2706806e-05
ID_VEULTD,1.2031291e-05,1.911812e-06,0.99998605,4.4304183e-08
ID_VFAACQ,2.3499473e-05,1.0145586e-05,0.99996614,2.1099692e-07
ID_VFJROL,0.99986994,4.745974e-05,8.069733e-05,1.8975841e-06
ID_VFYRUF,1.0647647e-06,0.9999945,3.7033737e-06,6.8013975e-07
ID_VHSOVP,1.7034574e-07,3.3629963e-06,1.3665256e-07,0.9999963
ID_VHVEKC,0.86270064,0.00026634496,0.13702147,1.1536598e-05
ID_VIFMCA,0.99937123,3.826758e-05,0.0005882717,2.215145e-06
ID_VIFPQA,6.0717025e-07,0.99999845,6.735951e-07,2.1413717e-07
ID_VIJQDQ,3.9944197e-07,0.9999989,3.9487495e-07,2.3380309e-07
ID_VIVXIR,9.0322785e-05,2.8744584e-05,0.9998795,1.387958e-06
ID_VLJTAB,0.9995803,1.3515545e-05,0.00040528696,8.649078e-07
ID_VLTTHY,7.8465933e-07,0.9999958,2.9217424e-06,4.4782536e-07
ID_VMCDLK,7.039817e-07,0.9999981,7.4504777e-07,4.1819945e-07
ID_VMJTGH,3.9768283e-06,1.516232e-06,0.9999945,4.9373202e-08
ID_VMZNWI,3.6903333e-07,0.99999905,3.6150234e-07,2.1922378e-07
ID_VOHMHD,0.9947627,0.00015093657,0.0050747674,1.1609358e-05
ID_VOMBSI,8.122471e-08,1.8901358e-06,1.1997037e-07,0.99999785
ID_VPNYMF,0.00110029,9.615391e-05,0.99880195,1.6017165e-06
ID_VQAROW,0.9978325,6.964624e-05,0.0020935691,4.330283e-06
ID_VRFSBR,5.162089e-07,0.9999989,5.312686e-07,7.352424e-08
ID_VRIWON,5.6334426e-07,0.9999989,4.9174156e-07,6.642222e-08
ID_VRTYHC,4.2162412e-07,8.611478e-06,6.468162e-07,0.99999034
ID_VSEPYP,3.9951126e-07,1.8880255e-05,1.0286698e-06,0.99997973
ID_VUFSVO,4.269776e-07,6.3560416e-05,7.7614555e-07,0.99993527
ID_VVEYSN,0.0002269605,1.9523457e-05,0.9997532,3.2521862e-07
ID_VWQBGB,0.00020524819,1.9939194e-05,0.9997744,4.146734e-07
ID_VWSOLR,0.0016327687,3.586568e-05,0.99833006,1.2951855e-06
ID_WACWNE,3.7011458e-05,0.00082979695,1.8058221e-05,0.99911517
ID_WAZIVO,8.563089e-07,0.99999785,8.0755234e-07,5.012184e-07
ID_WBMCVM,2.4647186e-05,1.6622482e-05,0.9999558,2.9619625e-06
ID_WBMMPZ,0.9998093,9.044681e-06,0.00018092227,7.1169205e-07
ID_WCKSIF,6.8006826e-05,1.9267516e-05,0.99991226,4.0070492e-07
ID_WCZJPK,1.1188877e-06,2.9575589e-05,7.3090973e-07,0.9999685
ID_WECZXK,7.8984594e-05,0.0059309904,2.48342e-05,0.9939652
ID_WEKMZT,0.34503028,0.00020260083,0.65475893,8.155179e-06
ID_WERGBL,5.047802e-07,4.898296e-07,0.9999989,4.093302e-08
ID_WFEQIT,1.1847974e-06,0.99999726,1.3648787e-06,2.46045e-07
ID_WFFAQL,0.9999138,1.7117399e-06,8.424005e-05,1.9223843e-07
ID_WFREVI,6.7711134e-08,3.13215e-07,6.756574e-08,0.9999995
ID_WGEOSC,8.129616e-08,1.5521424e-07,1.1831771e-07,0.99999964
ID_WHIUUU,0.99993753,2.0850523e-06,6.0236147e-05,1.4141622e-07
ID_WHNZHM,7.0807636e-07,0.99999833,8.569849e-07,7.8661344e-08
ID_WIGQLP,5.633441e-07,0.99999857,5.312684e-07,3.2973898e-07
ID_WITXOA,2.031729e-06,0.9999964,1.1175964e-06,3.9093288e-07
ID_WIUMTC,0.99999785,9.904014e-07,1.0737509e-06,9.6987684e-08
ID_WJYUAL,6.3738025e-07,0.99999833,9.567544e-07,8.781904e-08
ID_WKPTIB,1.4407034e-05,7.502265e-06,0.9999778,2.3135834e-07
ID_WKYNLU,2.2084637e-06,3.1280601e-06,0.9999943,3.4279762e-07
ID_WLADEH,9.737374e-06,1.4509827e-06,0.9999888,4.6836817e-08
ID_WLAYJI,9.705483e-08,2.225417e-06,1.1716318e-07,0.9999976
ID_WLNQUD,2.7513618e-06,3.6082563e-06,0.9999931,5.183528e-07
ID_WLOGEG,0.9999913,1.1255765e-06,7.5288785e-06,7.634091e-08
ID_WLRZRX,2.2621984e-06,0.999995,1.7873972e-06,9.828965e-07
ID_WMWSQL,7.468715e-07,0.0005619592,2.2241257e-07,0.99943703
ID_WNGDEB,0.99965775,7.2095536e-05,0.00026226635,7.901907e-06
ID_WNJPFT,0.99832076,0.000107768305,0.0015556139,1.5794085e-05
ID_WNMRRC,0.00048516976,4.0641462e-05,0.9994735,6.7699824e-07
ID_WOZQOQ,0.99778265,0.00021641386,0.0019883993,1.2527265e-05
ID_WPGKPU,6.230454e-07,0.99999833,6.5939014e-07,3.9631738e-07
ID_WSIIFG,3.9070273e-06,0.0006713322,2.9937784e-05,0.99929476
ID_WSMTLV,6.2304565e-07,0.9999987,5.875706e-07,8.70717e-08
ID_WSWMZK,4.982318e-06,0.0008820054,6.770481e-06,0.9991062
ID_WTJDCG,6.2304565e-07,0.9999987,5.875706e-07,8.70717e-08
ID_WTODMY,8.563089e-07,0.99999785,7.4746947e-07,5.086892e-07
ID_WTYLTM,4.5021854e-05,1.2689918e-05,0.99994206,2.6391115e-07
ID_WUGFVI,1.412886e-06,0.9999974,9.942554e-07,1.674454e-07
ID_WUSJAO,1.2190225e-06,0.00048531906,7.485039e-07,0.9995127
ID_WWPMSP,2.0045268e-06,0.9999956,1.968583e-06,4.9570684e-07
ID_WWVJZB,9.615534e-08,1.5184285e-06,1.5919058e-07,0.9999982
ID_WXZKFS,0.999982,4.1279222e-06,1.3622552e-05,2.0099655e-07
ID_WYUYMY,9.745112e-07,0.99999774,8.859631e-07,3.8620425e-07
ID_WYXUVZ,0.99997485,8.473457e-06,1.6135526e-05,4.919459e-07
ID_WZCZVF,1.3699194e-05,0.029393362,0.000100020676,0.9704929
ID_XAJLRM,4.69125e-06,0.9999945,4.290046e-07,3.765011e-07
ID_XAYTFP,0.07046255,0.002911599,0.9264084,0.00021741954
ID_XAZALC,0.00023975466,0.0018658994,0.00031449014,0.9975799
ID_XBBAGH,3.5994424e-05,1.2666334e-05,0.9999511,2.1099375e-07
ID_XBLBFN,3.842827e-07,0.0004993712,3.3674408e-07,0.9994999
ID_XBWYVZ,5.6173476e-06,3.6231745e-06,0.9999906,1.7494823e-07
ID_XCLVYX,6.955801e-07,0.9999987,4.724163e-07,8.7819075e-08
ID_XDCBML,4.3375385e-06,5.375032e-06,0.9999896,6.6604827e-07
ID_XDFTZZ,6.87316e-07,6.7488695e-06,1.178798e-06,0.9999914
ID_XDMVMM,8.9660637e-07,0.9999956,3.0051679e-06,5.0868806e-07
ID_XEVQHX,1.0873349e-07,1.0370896e-06,2.2104342e-07,0.9999987
ID_XFSLFU,0.9934975,0.0036953588,0.00259376,0.00021335616
ID_XFWNKY,0.007896764,2.551086e-05,0.99207723,5.190238e-07
ID_XGBUNW,0.00039618512,3.81313e-05,0.9995648,7.9301344e-07
ID_XGFKEN,0.0004076312,3.0971558e-05,0.9995608,6.4411296e-07
ID_XGJMZC,1.0007371e-07,2.9844527e-06,3.505172e-07,0.99999654
ID_XGOABT,0.99978715,7.1962904e-06,0.00020511911,6.046805e-07
ID_XHBQPF,0.9857168,9.4772666e-05,0.014183828,4.614666e-06
ID_XHTZCI,7.8466064e-07,0.9999975,1.3218004e-06,4.4782612e-07
ID_XIEMWG,0.00010510987,1.469332e-05,0.9998789,1.2441164e-06
ID_XIIOWV,2.6168743e-06,0.9999962,8.660915e-07,2.7680022e-07
ID_XJRBMI,0.9999349,8.753614e-06,5.5710618e-05,6.7328955e-07
ID_XJYLRF,3.6602046e-07,0.99999905,3.94875e-07,2.0889732e-07
ID_XLDPZS,0.99897385,0.00022264145,0.0007848647,1.8707826e-05
ID_XLDVCN,4.7856773e-08,1.065057e-07,4.775392e-08,0.99999976
ID_XLUWLV,7.872087e-08,3.2930876e-07,7.186426e-08,0.9999995
ID_XNGQBZ,0.99982077,4.65217e-05,0.00013015146,2.5688819e-06
ID_XOQVRA,3.628838e-06,0.99999416,1.7667556e-06,5.047778e-07
ID_XPHJMZ,3.9944206e-07,0.99999917,2.7128857e-07,1.5767166e-07
ID_XREJEU,1.0191404e-07,1.094402e-06,4.3384802e-07,0.99999833
ID_XRZHAV,0.0014975489,5.059361e-05,0.99845076,1.0521901e-06
ID_XSCGKH,7.727315e-07,0.99999857,5.438546e-07,1.7183024e-07
ID_XSITII,0.99933475,8.917865e-05,0.000567262,8.7330545e-06
ID_XTJPEO,0.00036156276,0.99943143,0.00015696115,4.9970684e-05
ID_XUBQXT,0.9736433,8.603113e-05,0.026263222,7.4507393e-06
ID_XUKBYU,3.9826438e-07,0.99999905,4.2072884e-07,7.94044e-08
ID_XVKNSD,9.047959e-07,1.0957375e-05,1.99848e-06,0.9999862
ID_XVQFWW,0.98996454,0.00017531338,0.009842048,1.809042e-05
ID_XVUIVT,9.1712354e-05,1.0324885e-05,0.9998976,3.362105e-07
ID_XXEXGF,0.00015402616,4.653319e-05,0.9997987,7.751423e-07
ID_XXPAOD,4.9671513e-07,8.8403243e-07,4.1366962e-07,0.9999982
ID_XXVUFS,0.9933022,3.1459167e-05,0.0066645574,1.7683711e-06
ID_XXYDBQ,6.2304565e-07,0.9999987,6.1592203e-07,7.8661365e-08
ID_XYJZIJ,1.0647668e-06,0.99999654,1.6754136e-06,6.8014117e-07
ID_XYVFYX,1.7244997e-06,8.7315086e-05,1.5279006e-06,0.9999094
ID_XYZFLF,0.000105351544,2.8528197e-05,0.99986565,4.7521766e-07
ID_XZBUJB,1.9256838e-06,0.9999974,3.2049368e-07,3.2472556e-07
ID_XZGAZR,5.699999e-07,1.5866041e-06,0.99999774,1.0043524e-07
ID_YAUMQG,0.9995976,4.8050577e-05,0.0003472745,7.04209e-06
ID_YAUXJL,1.2758117e-06,0.99999714,1.3502348e-06,2.093157e-07
ID_YBEXJU,1.0400696e-05,5.929863e-06,0.99998355,1.2332288e-07
ID_YBNOYC,2.6139185e-06,0.99999607,8.9830405e-07,4.5796904e-07
ID_YDZRTT,7.72274e-06,0.00090131053,1.954825e-05,0.99907136
ID_YENVJG,7.0574283e-06,2.6323378e-05,7.2097173e-06,0.99995935
ID_YFCWKA,0.9991561,3.3545406e-05,0.0008075743,2.8187098e-06
ID_YGISHC,0.008183661,2.0529169e-05,0.99179524,5.9032135e-07
ID_YIPVQW,1.2595332e-07,2.8558117e-07,1.2568286e-07,0.9999994
ID_YJTPWN,4.542422e-06,3.2660819e-06,0.9999918,3.704658e-07
ID_YKYPOY,1.1745866e-06,0.99999726,9.277303e-07,6.0242036e-07
ID_YMJDMN,0.9233351,0.0009050284,0.07568152,7.8380064e-05
ID_YMUIJN,0.99996805,6.6735292e-06,2.4890054e-05,3.545466e-07
ID_YMVRHW,0.99579585,0.0024575978,0.0016856652,6.091184e-05
ID_YNVASN,0.000104120874,1.3506051e-05,0.99988174,6.671499e-07
ID_YNYVDX,6.615134e-05,1.9040088e-05,0.99991345,1.3946315e-06
ID_YOFONJ,3.5212898e-07,1.0534668e-06,6.754235e-07,0.999998
ID_YOZYCT,9.608489e-07,0.9999981,7.973241e-07,1.0674224e-07
ID_YPEUWH,0.00010818968,2.5241352e-05,0.9998661,4.204664e-07
ID_YQOIHQ,7.5497974e-07,0.999998,8.144972e-07,4.8225894e-07
ID_YRGNQU,4.1153226e-06,7.438499e-05,6.752685e-06,0.99991477
ID_YSKBBI,2.87243e-05,0.00022507882,3.1908326e-05,0.9997143
ID_YTKUUL,9.909281e-05,2.9937151e-05,0.9998704,4.986882e-07
ID_YTOJQQ,1.1745861e-06,0.9999969,1.3531155e-06,6.0242013e-07
ID_YUEGJH,1.5595566e-06,3.5538596e-07,0.9999981,1.9177804e-08
ID_YUXJAI,0.99943465,6.914633e-05,0.00049335876,2.8735262e-06
ID_YVMIEX,7.404399e-07,7.8528836e-05,2.0565833e-06,0.9999187
ID_YWABZN,0.00011947514,3.2806412e-05,0.9998472,5.4648393e-07
ID_YWBMIU,1.8455021e-06,7.321733e-06,2.4533705e-05,0.99996626
ID_YXBJNZ,7.4051036e-06,3.967849e-06,0.99998856,8.251895e-08
ID_YXVKZR,1.901835e-05,6.276169e-06,0.9999746,1.3052484e-07
ID_YXWOUQ,5.633441e-07,0.99999857,7.748671e-07,1.42964e-07
ID_YXYPNE,3.9944203e-07,0.99999905,3.7669855e-07,2.3380312e-07
ID_YYKHQJ,9.802485e-08,3.3758073e-07,7.215227e-08,0.9999995
ID_YYKIRN,4.9320465e-07,0.99999917,3.349692e-07,4.769982e-08
ID_YYOCYN,0.013807274,0.00012577373,0.98605967,7.2712496e-06
ID_YZJCKD,0.99998975,1.2210031e-06,8.943615e-06,9.5530794e-08
ID_YZUYOS,0.9997999,1.9726824e-05,0.00017920355,1.1900064e-06
ID_ZAFLWS,4.239661e-07,2.0618552e-06,1.4169821e-07,0.9999974
ID_ZANNAE,0.00019051928,1.1612832e-05,0.9997975,3.7815008e-07
ID_ZBAENY,0.99997914,4.063448e-06,1.6530847e-05,3.0355017e-07
ID_ZCEXAD,3.779505e-05,0.005859484,3.598417e-05,0.9940667
ID_ZCOHNC,2.7511646e-07,1.0481154e-05,1.5658145e-06,0.9999877
ID_ZCQPZJ,5.123858e-07,5.3534046e-07,8.723892e-07,0.9999981
ID_ZDAUAT,0.99942905,1.4407562e-05,0.00055582373,6.39349e-07
ID_ZDCEPH,1.1619924e-06,0.9999975,1.0142998e-06,3.226949e-07
ID_ZDXTOM,4.8234915e-07,0.001184817,3.9391622e-07,0.99881434
ID_ZGPWDB,0.9999982,1.1032884e-06,5.659221e-07,7.288929e-08
ID_ZIMSNW,8.6441105e-07,0.99999857,2.4847384e-07,3.2611382e-07
ID_ZIQGRT,5.3118015e-07,9.558932e-06,9.460365e-07,0.9999889
ID_ZIZGXX,0.99819666,4.3979853e-05,0.0017584176,9.349676e-07
ID_ZJDYLK,0.9991817,5.0748895e-05,0.00076327287,4.264266e-06
ID_ZKEAEO,0.97280866,0.0002650301,0.026910989,1.5341464e-05
ID_ZLFEAA,1.88872e-05,6.697148e-07,0.99998045,3.308151e-08
ID_ZLNIVC,3.3845407e-07,1.4716807e-05,4.999028e-07,0.9999845
ID_ZLNTXR,0.9999138,8.803038e-06,7.670568e-05,6.8874687e-07
ID_ZMEKSI,3.4222718e-05,1.8382168e-05,0.9999471,3.062072e-07
ID_ZMZPNF,1.0647647e-06,0.9999945,3.7033737e-06,6.8013975e-07
ID_ZNJUOS,0.00012123087,1.7476093e-05,0.9998597,1.616551e-06
ID_ZOAAVW,1.1391784e-05,6.6899393e-06,0.9999807,1.1920824e-06
ID_ZOCTOI,1.917583e-05,5.000611e-06,0.99997556,2.4701208e-07
ID_ZOJNBU,0.999856,1.0180367e-05,0.00013314214,6.405219e-07
ID_ZPHTGI,0.99997103,1.2015722e-05,1.6239388e-05,7.59814e-07
ID_ZPMIGD,0.9989693,8.514133e-05,0.0009404628,5.11057e-06
ID_ZPRUAS,5.633441e-07,0.99999857,6.2497423e-07,2.9461364e-07
ID_ZPVCGH,3.8192618e-07,9.347631e-06,1.2821034e-06,0.99998903
ID_ZPWGNB,7.7814795e-05,7.0005e-06,0.9999149,2.9862005e-07
ID_ZQJSXK,1.1049784e-05,2.4871063e-06,0.9999863,2.0783712e-07
ID_ZQPHOL,1.3684244e-05,2.5393167e-06,0.9999838,3.8792397e-08
ID_ZQTHSJ,1.9598355e-08,4.649669e-08,1.2831526e-07,0.99999976
ID_ZRCWCQ,0.0007902256,9.5605894e-05,0.99911124,2.948345e-06
ID_ZRRDIN,8.925743e-07,8.242589e-05,1.3417771e-06,0.99991536
ID_ZTKFQH,7.986e-07,0.00020789888,1.3698008e-06,0.9997899
ID_ZTRJPX,8.6441094e-07,0.99999845,3.6240442e-07,3.2611376e-07
ID_ZUTVQY,0.999959,2.1149826e-05,1.8477984e-05,1.3584273e-06
ID_ZWFLBS,2.8543693e-07,1.0816796e-05,6.9969116e-07,0.9999882
ID_ZWKWIN,2.4553407e-07,3.930824e-06,2.516551e-07,0.9999956
ID_ZWMJPU,3.4443553e-06,0.00043567983,3.5286869e-06,0.9995573
ID_ZWUJFO,0.112294994,0.00030049979,0.8874011,3.4264713e-06
ID_ZXNUDJ,0.9986852,0.00091626844,0.00037780756,2.078787e-05
ID_ZXTCJH,8.500181e-06,0.0006825731,1.6737793e-05,0.99929214
ID_ZZIPPX,0.99999833,1.0362845e-06,5.4796055e-07,6.1849605e-08
ID_ZZWUCJ,0.00019023902,0.000117000716,0.99969006,2.7868227e-06
